set -o pipefail; /usr/bin/mariadb-dump --user=_3459fc20e3de2b0c --host=127.0.0.1 --port=3306 --password=********** --single-transaction --quick --lock-tables=false _3459fc20e3de2b0c | /usr/bin/gzip >> ./alumnimgmt.localhost/private/backups/20250419_120003-alumnimgmt_localhost-database.sql.gz

Backup Summary for alumnimgmt.localhost at 2025-04-19 12:00:04.126572
Config  : /home/pearl/alumnimgmtsystem/sites/alumnimgmt.localhost/private/backups/20250419_120003-alumnimgmt_localhost-site_config_backup.json 127.0B
Database: /home/pearl/alumnimgmtsystem/sites/alumnimgmt.localhost/private/backups/20250419_120003-alumnimgmt_localhost-database.sql.gz 240.1KiB
Backup for Site alumnimgmt.localhost has been successfully completed
Backup failed for Site library.localhost. Database or site_config.json may be corrupted
Traceback with variables (most recent call last):
  File "apps/frappe/frappe/commands/site.py", line 865, in backup
    odb = scheduled_backup(
      context = CliCtxObj(sites=['alumnimgmt.localhost', 'library.localhost'], force=False, profile=False, verbose=True)
      with_files = False
      backup_path = None
      backup_path_db = None
      backup_path_files = None
      backup_path_private_files = None
      backup_path_conf = None
      ignore_backup_conf = False
      verbose = True
      compress = False
      include = ''
      exclude = ''
      old_backup_metadata = False
      scheduled_backup = <function scheduled_backup at 0x7ba996843880>
      exit_code = 0
      rollback_callback = None
      site = 'library.localhost'
      odb = <frappe.utils.backups.BackupGenerator object at 0x7ba995c2be00>
  File "apps/frappe/frappe/utils/backups.py", line 589, in scheduled_backup
    return new_backup(
      older_than = 6
      ignore_files = True
      backup_path = None
      backup_path_db = None
      backup_path_files = None
      backup_path_private_files = None
      backup_path_conf = None
      ignore_conf = False
      include_doctypes = ''
      exclude_doctypes = ''
      compress = False
      force = True
      verbose = True
      old_backup_metadata = False
      rollback_callback = <frappe.utils.CallbackManager object at 0x7ba995c5c280>
  File "apps/frappe/frappe/utils/backups.py", line 626, in new_backup
    odb = BackupGenerator(
      older_than = 6
      ignore_files = True
      backup_path = None
      backup_path_db = None
      backup_path_files = None
      backup_path_private_files = None
      backup_path_conf = None
      ignore_conf = False
      include_doctypes = ''
      exclude_doctypes = ''
      compress = False
      force = True
      verbose = True
      old_backup_metadata = False
      rollback_callback = <frappe.utils.CallbackManager object at 0x7ba995c5c280>
  File "apps/frappe/frappe/utils/backups.py", line 89, in __init__
    self.setup_backup_tables()
      self = <frappe.utils.backups.BackupGenerator object at 0x7ba995c5c0e0>
      db_name = '_9a54aa6450761df8'
      user = '_9a54aa6450761df8'
      password = ********
      backup_path = None
      backup_path_db = None
      backup_path_files = None
      backup_path_private_files = None
      db_socket = None
      db_host = '127.0.0.1'
      db_port = 3306
      db_type = 'mariadb'
      backup_path_conf = None
      ignore_conf = False
      compress_files = False
      include_doctypes = ''
      exclude_doctypes = ''
      verbose = True
      old_backup_metadata = False
      rollback_callback = <frappe.utils.CallbackManager object at 0x7ba995c5c280>
      site = 'library.localhost'
  File "apps/frappe/frappe/utils/backups.py", line 126, in setup_backup_tables
    self._set_existing_tables()
      self = <frappe.utils.backups.BackupGenerator object at 0x7ba995c5c0e0>
  File "apps/frappe/frappe/utils/backups.py", line 122, in _set_existing_tables
    self._existing_tables = frappe.db.get_tables()
      self = <frappe.utils.backups.BackupGenerator object at 0x7ba995c5c0e0>
  File "apps/frappe/frappe/database/mariadb/database.py", line 485, in get_tables
    .run(pluck=True)
      self = <frappe.database.mariadb.database.MariaDBDatabase object at 0x7ba99556bd70>
      cached = True
      to_query = True
      tables = None
      information_schema = <pypika.queries.Schema object at 0x7ba995903590>
  File "apps/frappe/frappe/query_builder/utils.py", line 80, in execute_query
    result = frappe.db.sql(query, params, *args, **kwargs)  # nosemgrep
      query = 'SELECT `table_name` FROM `information_schema`.`tables` WHERE `table_schema`=%(param1)s'
      args = ()
      kwargs = {'pluck': True}
      child_queries = []
      params = {'param1': '_9a54aa6450761df8'}
  File "apps/frappe/frappe/database/database.py", line 237, in sql
    self.connect()
      self = <frappe.database.mariadb.database.MariaDBDatabase object at 0x7ba99556bd70>
      query = 'SELECT `table_name` FROM `information_schema`.`tables` WHERE `table_schema`=%(param1)s'
      values = {'param1': '_9a54aa6450761df8'}
      as_dict = 0
      as_list = 0
      debug = False
      ignore_ddl = 0
      auto_commit = 0
      update = None
      explain = False
      run = True
      pluck = True
      as_iterator = False
      query_type = 'select'
  File "apps/frappe/frappe/database/database.py", line 135, in connect
    self.get_connection()
      self = <frappe.database.mariadb.database.MariaDBDatabase object at 0x7ba99556bd70>
  File "apps/frappe/frappe/database/mariadb/database.py", line 105, in get_connection
    conn = self._get_connection()
      self = <frappe.database.mariadb.database.MariaDBDatabase object at 0x7ba99556bd70>
  File "apps/frappe/frappe/database/mariadb/database.py", line 111, in _get_connection
    return self.create_connection()
      self = <frappe.database.mariadb.database.MariaDBDatabase object at 0x7ba99556bd70>
  File "apps/frappe/frappe/database/mariadb/database.py", line 114, in create_connection
    return pymysql.connect(**self.get_connection_settings())
      self = <frappe.database.mariadb.database.MariaDBDatabase object at 0x7ba99556bd70>
  File "env/lib/python3.12/site-packages/pymysql/connections.py", line 361, in __init__
    self.connect()
      self = <pymysql.connections.Connection object at 0x7ba995c5f0b0>
      user = '_9a54aa6450761df8'
      password = ********
      host = '127.0.0.1'
      database = '_9a54aa6450761df8'
      unix_socket = None
      port = 3306
      charset = 'utf8mb4'
      collation = 'utf8mb4_unicode_ci'
      sql_mode = None
      read_default_file = None
      conv = {<class 'bool'>: <function escape_bool at 0x7ba995d85120>, <class 'int'>: <function escape_int at 0x7ba995d851c0>, <class 'float'>: <function escape_float at 0x7ba995d85260>, <class 'str'>: <function escape_str at 0x7ba995d854e0>, <class 'bytes'>: <function escape_bytes at 0x7ba995d85440>, <class 'tuple'>: <function escape_sequence at 0x7ba995d84fe0>, <class 'list'>: <function escape_sequence at 0x7ba995d84fe0>, <class 'set'>: <function escape_sequence at 0x7ba995d84fe0>, <class 'frozenset'>: <function escape_sequence at 0x7ba995d84fe0>, <class 'dict'>: <function escape_dict at 0x7ba995d84f40>, <class 'NoneType'>: <function escape_None at 0x7ba995d85580>, <class 'datetime.date'>: <function escape_date at 0x7ba995d85800>, <class 'datetime.datetime'>: <function escape_datetime at 0x7ba995d85760>, <class 'datetime.timedelta'>: <function escape_timedelta at 0x7ba995d85620>, <class 'datetime.time'>: <function escape_time at 0x7ba995d856c0>, <class 'time.struct_time'>: <function escape_struc...
      use_unicode = True
      client_flag = 3842573
      cursorclass = <class 'pymysql.cursors.Cursor'>
      init_command = None
      connect_timeout = 10
      read_default_group = None
      autocommit = False
      local_infile = False
      max_allowed_packet = 16777216
      defer_connect = False
      auth_plugin_map = None
      read_timeout = None
      write_timeout = None
      bind_address = None
      binary_prefix = False
      program_name = None
      server_public_key = ********
      ssl = None
      ssl_ca = None
      ssl_cert = None
      ssl_disabled = None
      ssl_key = ********
      ssl_key_password = ********
      ssl_verify_cert = None
      ssl_verify_identity = None
      compress = None
      named_pipe = None
      passwd = ********
      db = None
  File "env/lib/python3.12/site-packages/pymysql/connections.py", line 669, in connect
    self._request_authentication()
      self = <pymysql.connections.Connection object at 0x7ba995c5f0b0>
      sock = <socket.socket [closed] fd=-1, family=2, type=1, proto=6>
      kwargs = {}
  File "env/lib/python3.12/site-packages/pymysql/connections.py", line 957, in _request_authentication
    auth_packet = self._read_packet()
      self = <pymysql.connections.Connection object at 0x7ba995c5f0b0>
      charset_id = 45
      data_init = b'\r\xa2:\x00\xff\xff\xff\x00-\x00\x00\x00\x00\x00\x00\x00\x00\x00\x00\x00\x00\x00\x00\x00\x00\x00\x00\x00\x00\x00\x00\x00'
      data = b'\r\xa2:\x00\xff\xff\xff\x00-\x00\x00\x00\x00\x00\x00\x00\x00\x00\x00\x00\x00\x00\x00\x00\x00\x00\x00\x00\x00\x00\x00\x00_9a54aa6450761df8\x00\x14\x01\xa5;p\x89\x80\x18\xb6\x81\x08\x1d\xd8m3\x19O\xfe\x94$\xc8_9a54aa6450761df8\x00mysql_native_password\x005\x0c_client_name\x07pymysql\x0f_client_version\x051.1.1\x04_pid\x047238'
      authresp = b'\x01\xa5;p\x89\x80\x18\xb6\x81\x08\x1d\xd8m3\x19O\xfe\x94$\xc8'
      plugin_name = b'mysql_native_password'
      connect_attrs = b'\x0c_client_name\x07pymysql\x0f_client_version\x051.1.1\x04_pid\x047238'
      k = b'_pid'
      v = b'7238'
  File "env/lib/python3.12/site-packages/pymysql/connections.py", line 775, in _read_packet
    packet.raise_for_error()
      self = <pymysql.connections.Connection object at 0x7ba995c5f0b0>
      packet_type = <class 'pymysql.protocol.MysqlPacket'>
      buff = bytearray(b"\xff\x15\x04#28000Access denied for user \'_9a54aa6450761df8\'@\'localhost\' (using password: YES)")
      packet_header = b'U\x00\x00\x02'
      btrl = 85
      btrh = 0
      packet_number = 2
      bytes_to_read = 85
      recv_data = b"\xff\x15\x04#28000Access denied for user '_9a54aa6450761df8'@'localhost' (using password: YES)"
      packet = <pymysql.protocol.MysqlPacket object at 0x7ba9954333d0>
  File "env/lib/python3.12/site-packages/pymysql/protocol.py", line 219, in raise_for_error
    err.raise_mysql_exception(self._data)
      self = <pymysql.protocol.MysqlPacket object at 0x7ba9954333d0>
      errno = 1045
  File "env/lib/python3.12/site-packages/pymysql/err.py", line 150, in raise_mysql_exception
    raise errorclass(errno, errval)
      data = b"\xff\x15\x04#28000Access denied for user '_9a54aa6450761df8'@'localhost' (using password: YES)"
      errno = 1045
      errval = "Access denied for user '_9a54aa6450761df8'@'localhost' (using password: YES)"
      errorclass = <class 'pymysql.err.OperationalError'>
pymysql.err.OperationalError: (1045, "Access denied for user '_9a54aa6450761df8'@'localhost' (using password: YES)")
set -o pipefail; /usr/bin/mariadb-dump --user=_3459fc20e3de2b0c --host=127.0.0.1 --port=3306 --password=********** --single-transaction --quick --lock-tables=false _3459fc20e3de2b0c | /usr/bin/gzip >> ./alumnimgmt.localhost/private/backups/20250420_180001-alumnimgmt_localhost-database.sql.gz

Backup Summary for alumnimgmt.localhost at 2025-04-20 18:00:02.098513
Config  : /home/pearl/alumnimgmtsystem/sites/alumnimgmt.localhost/private/backups/20250420_180001-alumnimgmt_localhost-site_config_backup.json 127.0B
Database: /home/pearl/alumnimgmtsystem/sites/alumnimgmt.localhost/private/backups/20250420_180001-alumnimgmt_localhost-database.sql.gz 314.2KiB
Backup for Site alumnimgmt.localhost has been successfully completed
Backup failed for Site library.localhost. Database or site_config.json may be corrupted
Traceback with variables (most recent call last):
  File "apps/frappe/frappe/commands/site.py", line 865, in backup
    odb = scheduled_backup(
      context = CliCtxObj(sites=['alumnimgmt.localhost', 'library.localhost'], force=False, profile=False, verbose=True)
      with_files = False
      backup_path = None
      backup_path_db = None
      backup_path_files = None
      backup_path_private_files = None
      backup_path_conf = None
      ignore_backup_conf = False
      verbose = True
      compress = False
      include = ''
      exclude = ''
      old_backup_metadata = False
      scheduled_backup = <function scheduled_backup at 0x75503743b880>
      exit_code = 0
      rollback_callback = None
      site = 'library.localhost'
      odb = <frappe.utils.backups.BackupGenerator object at 0x755037a18860>
  File "apps/frappe/frappe/utils/backups.py", line 589, in scheduled_backup
    return new_backup(
      older_than = 6
      ignore_files = True
      backup_path = None
      backup_path_db = None
      backup_path_files = None
      backup_path_private_files = None
      backup_path_conf = None
      ignore_conf = False
      include_doctypes = ''
      exclude_doctypes = ''
      compress = False
      force = True
      verbose = True
      old_backup_metadata = False
      rollback_callback = <frappe.utils.CallbackManager object at 0x755036812980>
  File "apps/frappe/frappe/utils/backups.py", line 626, in new_backup
    odb = BackupGenerator(
      older_than = 6
      ignore_files = True
      backup_path = None
      backup_path_db = None
      backup_path_files = None
      backup_path_private_files = None
      backup_path_conf = None
      ignore_conf = False
      include_doctypes = ''
      exclude_doctypes = ''
      compress = False
      force = True
      verbose = True
      old_backup_metadata = False
      rollback_callback = <frappe.utils.CallbackManager object at 0x755036812980>
  File "apps/frappe/frappe/utils/backups.py", line 89, in __init__
    self.setup_backup_tables()
      self = <frappe.utils.backups.BackupGenerator object at 0x7550368129f0>
      db_name = '_9a54aa6450761df8'
      user = '_9a54aa6450761df8'
      password = ********
      backup_path = None
      backup_path_db = None
      backup_path_files = None
      backup_path_private_files = None
      db_socket = None
      db_host = '127.0.0.1'
      db_port = 3306
      db_type = 'mariadb'
      backup_path_conf = None
      ignore_conf = False
      compress_files = False
      include_doctypes = ''
      exclude_doctypes = ''
      verbose = True
      old_backup_metadata = False
      rollback_callback = <frappe.utils.CallbackManager object at 0x755036812980>
      site = 'library.localhost'
  File "apps/frappe/frappe/utils/backups.py", line 126, in setup_backup_tables
    self._set_existing_tables()
      self = <frappe.utils.backups.BackupGenerator object at 0x7550368129f0>
  File "apps/frappe/frappe/utils/backups.py", line 122, in _set_existing_tables
    self._existing_tables = frappe.db.get_tables()
      self = <frappe.utils.backups.BackupGenerator object at 0x7550368129f0>
  File "apps/frappe/frappe/database/mariadb/database.py", line 485, in get_tables
    .run(pluck=True)
      self = <frappe.database.mariadb.database.MariaDBDatabase object at 0x755037763320>
      cached = True
      to_query = True
      tables = None
      information_schema = <pypika.queries.Schema object at 0x755036812ab0>
  File "apps/frappe/frappe/query_builder/utils.py", line 80, in execute_query
    result = frappe.db.sql(query, params, *args, **kwargs)  # nosemgrep
      query = 'SELECT `table_name` FROM `information_schema`.`tables` WHERE `table_schema`=%(param1)s'
      args = ()
      kwargs = {'pluck': True}
      child_queries = []
      params = {'param1': '_9a54aa6450761df8'}
  File "apps/frappe/frappe/database/database.py", line 237, in sql
    self.connect()
      self = <frappe.database.mariadb.database.MariaDBDatabase object at 0x755037763320>
      query = 'SELECT `table_name` FROM `information_schema`.`tables` WHERE `table_schema`=%(param1)s'
      values = {'param1': '_9a54aa6450761df8'}
      as_dict = 0
      as_list = 0
      debug = False
      ignore_ddl = 0
      auto_commit = 0
      update = None
      explain = False
      run = True
      pluck = True
      as_iterator = False
      query_type = 'select'
  File "apps/frappe/frappe/database/database.py", line 135, in connect
    self.get_connection()
      self = <frappe.database.mariadb.database.MariaDBDatabase object at 0x755037763320>
  File "apps/frappe/frappe/database/mariadb/database.py", line 105, in get_connection
    conn = self._get_connection()
      self = <frappe.database.mariadb.database.MariaDBDatabase object at 0x755037763320>
  File "apps/frappe/frappe/database/mariadb/database.py", line 111, in _get_connection
    return self.create_connection()
      self = <frappe.database.mariadb.database.MariaDBDatabase object at 0x755037763320>
  File "apps/frappe/frappe/database/mariadb/database.py", line 114, in create_connection
    return pymysql.connect(**self.get_connection_settings())
      self = <frappe.database.mariadb.database.MariaDBDatabase object at 0x755037763320>
  File "env/lib/python3.12/site-packages/pymysql/connections.py", line 361, in __init__
    self.connect()
      self = <pymysql.connections.Connection object at 0x7550378372f0>
      user = '_9a54aa6450761df8'
      password = ********
      host = '127.0.0.1'
      database = '_9a54aa6450761df8'
      unix_socket = None
      port = 3306
      charset = 'utf8mb4'
      collation = 'utf8mb4_unicode_ci'
      sql_mode = None
      read_default_file = None
      conv = {<class 'bool'>: <function escape_bool at 0x75503693d120>, <class 'int'>: <function escape_int at 0x75503693d1c0>, <class 'float'>: <function escape_float at 0x75503693d260>, <class 'str'>: <function escape_str at 0x75503693d4e0>, <class 'bytes'>: <function escape_bytes at 0x75503693d440>, <class 'tuple'>: <function escape_sequence at 0x75503693cfe0>, <class 'list'>: <function escape_sequence at 0x75503693cfe0>, <class 'set'>: <function escape_sequence at 0x75503693cfe0>, <class 'frozenset'>: <function escape_sequence at 0x75503693cfe0>, <class 'dict'>: <function escape_dict at 0x75503693cf40>, <class 'NoneType'>: <function escape_None at 0x75503693d580>, <class 'datetime.date'>: <function escape_date at 0x75503693d800>, <class 'datetime.datetime'>: <function escape_datetime at 0x75503693d760>, <class 'datetime.timedelta'>: <function escape_timedelta at 0x75503693d620>, <class 'datetime.time'>: <function escape_time at 0x75503693d6c0>, <class 'time.struct_time'>: <function escape_struc...
      use_unicode = True
      client_flag = 3842573
      cursorclass = <class 'pymysql.cursors.Cursor'>
      init_command = None
      connect_timeout = 10
      read_default_group = None
      autocommit = False
      local_infile = False
      max_allowed_packet = 16777216
      defer_connect = False
      auth_plugin_map = None
      read_timeout = None
      write_timeout = None
      bind_address = None
      binary_prefix = False
      program_name = None
      server_public_key = ********
      ssl = None
      ssl_ca = None
      ssl_cert = None
      ssl_disabled = None
      ssl_key = ********
      ssl_key_password = ********
      ssl_verify_cert = None
      ssl_verify_identity = None
      compress = None
      named_pipe = None
      passwd = ********
      db = None
  File "env/lib/python3.12/site-packages/pymysql/connections.py", line 669, in connect
    self._request_authentication()
      self = <pymysql.connections.Connection object at 0x7550378372f0>
      sock = <socket.socket [closed] fd=-1, family=2, type=1, proto=6>
      kwargs = {}
  File "env/lib/python3.12/site-packages/pymysql/connections.py", line 957, in _request_authentication
    auth_packet = self._read_packet()
      self = <pymysql.connections.Connection object at 0x7550378372f0>
      charset_id = 45
      data_init = b'\r\xa2:\x00\xff\xff\xff\x00-\x00\x00\x00\x00\x00\x00\x00\x00\x00\x00\x00\x00\x00\x00\x00\x00\x00\x00\x00\x00\x00\x00\x00'
      data = b'\r\xa2:\x00\xff\xff\xff\x00-\x00\x00\x00\x00\x00\x00\x00\x00\x00\x00\x00\x00\x00\x00\x00\x00\x00\x00\x00\x00\x00\x00\x00_9a54aa6450761df8\x00\x14\x1d\xbf\xef\x04\xfb\xedI}\xf3\xac\x82\xdb\x1e\xb7\xcc<Z\xd8\xa1W_9a54aa6450761df8\x00mysql_native_password\x006\x0c_client_name\x07pymysql\x0f_client_version\x051.1.1\x04_pid\x0510661'
      authresp = b'\x1d\xbf\xef\x04\xfb\xedI}\xf3\xac\x82\xdb\x1e\xb7\xcc<Z\xd8\xa1W'
      plugin_name = b'mysql_native_password'
      connect_attrs = b'\x0c_client_name\x07pymysql\x0f_client_version\x051.1.1\x04_pid\x0510661'
      k = b'_pid'
      v = b'10661'
  File "env/lib/python3.12/site-packages/pymysql/connections.py", line 775, in _read_packet
    packet.raise_for_error()
      self = <pymysql.connections.Connection object at 0x7550378372f0>
      packet_type = <class 'pymysql.protocol.MysqlPacket'>
      buff = bytearray(b"\xff\x15\x04#28000Access denied for user \'_9a54aa6450761df8\'@\'localhost\' (using password: YES)")
      packet_header = b'U\x00\x00\x02'
      btrl = 85
      btrh = 0
      packet_number = 2
      bytes_to_read = 85
      recv_data = b"\xff\x15\x04#28000Access denied for user '_9a54aa6450761df8'@'localhost' (using password: YES)"
      packet = <pymysql.protocol.MysqlPacket object at 0x755036812b60>
  File "env/lib/python3.12/site-packages/pymysql/protocol.py", line 219, in raise_for_error
    err.raise_mysql_exception(self._data)
      self = <pymysql.protocol.MysqlPacket object at 0x755036812b60>
      errno = 1045
  File "env/lib/python3.12/site-packages/pymysql/err.py", line 150, in raise_mysql_exception
    raise errorclass(errno, errval)
      data = b"\xff\x15\x04#28000Access denied for user '_9a54aa6450761df8'@'localhost' (using password: YES)"
      errno = 1045
      errval = "Access denied for user '_9a54aa6450761df8'@'localhost' (using password: YES)"
      errorclass = <class 'pymysql.err.OperationalError'>
pymysql.err.OperationalError: (1045, "Access denied for user '_9a54aa6450761df8'@'localhost' (using password: YES)")
set -o pipefail; /usr/bin/mariadb-dump --user=_3459fc20e3de2b0c --host=127.0.0.1 --port=3306 --password=********** --single-transaction --quick --lock-tables=false _3459fc20e3de2b0c | /usr/bin/gzip >> ./alumnimgmt.localhost/private/backups/20250422_180002-alumnimgmt_localhost-database.sql.gz

Backup Summary for alumnimgmt.localhost at 2025-04-22 18:00:02.906350
Config  : /home/pearl/alumnimgmtsystem/sites/alumnimgmt.localhost/private/backups/20250422_180002-alumnimgmt_localhost-site_config_backup.json 127.0B
Database: /home/pearl/alumnimgmtsystem/sites/alumnimgmt.localhost/private/backups/20250422_180002-alumnimgmt_localhost-database.sql.gz 360.6KiB
Backup for Site alumnimgmt.localhost has been successfully completed
Backup failed for Site library.localhost. Database or site_config.json may be corrupted
Traceback with variables (most recent call last):
  File "apps/frappe/frappe/commands/site.py", line 865, in backup
    odb = scheduled_backup(
      context = CliCtxObj(sites=['alumnimgmt.localhost', 'library.localhost'], force=False, profile=False, verbose=True)
      with_files = False
      backup_path = None
      backup_path_db = None
      backup_path_files = None
      backup_path_private_files = None
      backup_path_conf = None
      ignore_backup_conf = False
      verbose = True
      compress = False
      include = ''
      exclude = ''
      old_backup_metadata = False
      scheduled_backup = <function scheduled_backup at 0x7596a9d47880>
      exit_code = 0
      rollback_callback = None
      site = 'library.localhost'
      odb = <frappe.utils.backups.BackupGenerator object at 0x7596a915cb00>
  File "apps/frappe/frappe/utils/backups.py", line 589, in scheduled_backup
    return new_backup(
      older_than = 6
      ignore_files = True
      backup_path = None
      backup_path_db = None
      backup_path_files = None
      backup_path_private_files = None
      backup_path_conf = None
      ignore_conf = False
      include_doctypes = ''
      exclude_doctypes = ''
      compress = False
      force = True
      verbose = True
      old_backup_metadata = False
      rollback_callback = <frappe.utils.CallbackManager object at 0x7596a915e500>
  File "apps/frappe/frappe/utils/backups.py", line 626, in new_backup
    odb = BackupGenerator(
      older_than = 6
      ignore_files = True
      backup_path = None
      backup_path_db = None
      backup_path_files = None
      backup_path_private_files = None
      backup_path_conf = None
      ignore_conf = False
      include_doctypes = ''
      exclude_doctypes = ''
      compress = False
      force = True
      verbose = True
      old_backup_metadata = False
      rollback_callback = <frappe.utils.CallbackManager object at 0x7596a915e500>
  File "apps/frappe/frappe/utils/backups.py", line 89, in __init__
    self.setup_backup_tables()
      self = <frappe.utils.backups.BackupGenerator object at 0x7596a915e900>
      db_name = '_9a54aa6450761df8'
      user = '_9a54aa6450761df8'
      password = ********
      backup_path = None
      backup_path_db = None
      backup_path_files = None
      backup_path_private_files = None
      db_socket = None
      db_host = '127.0.0.1'
      db_port = 3306
      db_type = 'mariadb'
      backup_path_conf = None
      ignore_conf = False
      compress_files = False
      include_doctypes = ''
      exclude_doctypes = ''
      verbose = True
      old_backup_metadata = False
      rollback_callback = <frappe.utils.CallbackManager object at 0x7596a915e500>
      site = 'library.localhost'
  File "apps/frappe/frappe/utils/backups.py", line 126, in setup_backup_tables
    self._set_existing_tables()
      self = <frappe.utils.backups.BackupGenerator object at 0x7596a915e900>
  File "apps/frappe/frappe/utils/backups.py", line 122, in _set_existing_tables
    self._existing_tables = frappe.db.get_tables()
      self = <frappe.utils.backups.BackupGenerator object at 0x7596a915e900>
  File "apps/frappe/frappe/database/mariadb/database.py", line 485, in get_tables
    .run(pluck=True)
      self = <frappe.database.mariadb.database.MariaDBDatabase object at 0x7596a9d31670>
      cached = True
      to_query = True
      tables = None
      information_schema = <pypika.queries.Schema object at 0x7596a915e990>
  File "apps/frappe/frappe/query_builder/utils.py", line 80, in execute_query
    result = frappe.db.sql(query, params, *args, **kwargs)  # nosemgrep
      query = 'SELECT `table_name` FROM `information_schema`.`tables` WHERE `table_schema`=%(param1)s'
      args = ()
      kwargs = {'pluck': True}
      child_queries = []
      params = {'param1': '_9a54aa6450761df8'}
  File "apps/frappe/frappe/database/database.py", line 237, in sql
    self.connect()
      self = <frappe.database.mariadb.database.MariaDBDatabase object at 0x7596a9d31670>
      query = 'SELECT `table_name` FROM `information_schema`.`tables` WHERE `table_schema`=%(param1)s'
      values = {'param1': '_9a54aa6450761df8'}
      as_dict = 0
      as_list = 0
      debug = False
      ignore_ddl = 0
      auto_commit = 0
      update = None
      explain = False
      run = True
      pluck = True
      as_iterator = False
      query_type = 'select'
  File "apps/frappe/frappe/database/database.py", line 135, in connect
    self.get_connection()
      self = <frappe.database.mariadb.database.MariaDBDatabase object at 0x7596a9d31670>
  File "apps/frappe/frappe/database/mariadb/database.py", line 105, in get_connection
    conn = self._get_connection()
      self = <frappe.database.mariadb.database.MariaDBDatabase object at 0x7596a9d31670>
  File "apps/frappe/frappe/database/mariadb/database.py", line 111, in _get_connection
    return self.create_connection()
      self = <frappe.database.mariadb.database.MariaDBDatabase object at 0x7596a9d31670>
  File "apps/frappe/frappe/database/mariadb/database.py", line 114, in create_connection
    return pymysql.connect(**self.get_connection_settings())
      self = <frappe.database.mariadb.database.MariaDBDatabase object at 0x7596a9d31670>
  File "env/lib/python3.12/site-packages/pymysql/connections.py", line 361, in __init__
    self.connect()
      self = <pymysql.connections.Connection object at 0x7596a9f727b0>
      user = '_9a54aa6450761df8'
      password = ********
      host = '127.0.0.1'
      database = '_9a54aa6450761df8'
      unix_socket = None
      port = 3306
      charset = 'utf8mb4'
      collation = 'utf8mb4_unicode_ci'
      sql_mode = None
      read_default_file = None
      conv = {<class 'bool'>: <function escape_bool at 0x7596a9c09120>, <class 'int'>: <function escape_int at 0x7596a9c091c0>, <class 'float'>: <function escape_float at 0x7596a9c09260>, <class 'str'>: <function escape_str at 0x7596a9c094e0>, <class 'bytes'>: <function escape_bytes at 0x7596a9c09440>, <class 'tuple'>: <function escape_sequence at 0x7596a9c08fe0>, <class 'list'>: <function escape_sequence at 0x7596a9c08fe0>, <class 'set'>: <function escape_sequence at 0x7596a9c08fe0>, <class 'frozenset'>: <function escape_sequence at 0x7596a9c08fe0>, <class 'dict'>: <function escape_dict at 0x7596a9c08f40>, <class 'NoneType'>: <function escape_None at 0x7596a9c09580>, <class 'datetime.date'>: <function escape_date at 0x7596a9c09800>, <class 'datetime.datetime'>: <function escape_datetime at 0x7596a9c09760>, <class 'datetime.timedelta'>: <function escape_timedelta at 0x7596a9c09620>, <class 'datetime.time'>: <function escape_time at 0x7596a9c096c0>, <class 'time.struct_time'>: <function escape_struc...
      use_unicode = True
      client_flag = 3842573
      cursorclass = <class 'pymysql.cursors.Cursor'>
      init_command = None
      connect_timeout = 10
      read_default_group = None
      autocommit = False
      local_infile = False
      max_allowed_packet = 16777216
      defer_connect = False
      auth_plugin_map = None
      read_timeout = None
      write_timeout = None
      bind_address = None
      binary_prefix = False
      program_name = None
      server_public_key = ********
      ssl = None
      ssl_ca = None
      ssl_cert = None
      ssl_disabled = None
      ssl_key = ********
      ssl_key_password = ********
      ssl_verify_cert = None
      ssl_verify_identity = None
      compress = None
      named_pipe = None
      passwd = ********
      db = None
  File "env/lib/python3.12/site-packages/pymysql/connections.py", line 669, in connect
    self._request_authentication()
      self = <pymysql.connections.Connection object at 0x7596a9f727b0>
      sock = <socket.socket [closed] fd=-1, family=2, type=1, proto=6>
      kwargs = {}
  File "env/lib/python3.12/site-packages/pymysql/connections.py", line 957, in _request_authentication
    auth_packet = self._read_packet()
      self = <pymysql.connections.Connection object at 0x7596a9f727b0>
      charset_id = 45
      data_init = b'\r\xa2:\x00\xff\xff\xff\x00-\x00\x00\x00\x00\x00\x00\x00\x00\x00\x00\x00\x00\x00\x00\x00\x00\x00\x00\x00\x00\x00\x00\x00'
      data = b'\r\xa2:\x00\xff\xff\xff\x00-\x00\x00\x00\x00\x00\x00\x00\x00\x00\x00\x00\x00\x00\x00\x00\x00\x00\x00\x00\x00\x00\x00\x00_9a54aa6450761df8\x00\x14\xbf\xaa(8\xc2k\xdeL\xdbp\r\xdel\x17\x90\xfd\x1aT\xec\xbf_9a54aa6450761df8\x00mysql_native_password\x005\x0c_client_name\x07pymysql\x0f_client_version\x051.1.1\x04_pid\x046469'
      authresp = b'\xbf\xaa(8\xc2k\xdeL\xdbp\r\xdel\x17\x90\xfd\x1aT\xec\xbf'
      plugin_name = b'mysql_native_password'
      connect_attrs = b'\x0c_client_name\x07pymysql\x0f_client_version\x051.1.1\x04_pid\x046469'
      k = b'_pid'
      v = b'6469'
  File "env/lib/python3.12/site-packages/pymysql/connections.py", line 775, in _read_packet
    packet.raise_for_error()
      self = <pymysql.connections.Connection object at 0x7596a9f727b0>
      packet_type = <class 'pymysql.protocol.MysqlPacket'>
      buff = bytearray(b"\xff\x15\x04#28000Access denied for user \'_9a54aa6450761df8\'@\'localhost\' (using password: YES)")
      packet_header = b'U\x00\x00\x02'
      btrl = 85
      btrh = 0
      packet_number = 2
      bytes_to_read = 85
      recv_data = b"\xff\x15\x04#28000Access denied for user '_9a54aa6450761df8'@'localhost' (using password: YES)"
      packet = <pymysql.protocol.MysqlPacket object at 0x7596a915eaa0>
  File "env/lib/python3.12/site-packages/pymysql/protocol.py", line 219, in raise_for_error
    err.raise_mysql_exception(self._data)
      self = <pymysql.protocol.MysqlPacket object at 0x7596a915eaa0>
      errno = 1045
  File "env/lib/python3.12/site-packages/pymysql/err.py", line 150, in raise_mysql_exception
    raise errorclass(errno, errval)
      data = b"\xff\x15\x04#28000Access denied for user '_9a54aa6450761df8'@'localhost' (using password: YES)"
      errno = 1045
      errval = "Access denied for user '_9a54aa6450761df8'@'localhost' (using password: YES)"
      errorclass = <class 'pymysql.err.OperationalError'>
pymysql.err.OperationalError: (1045, "Access denied for user '_9a54aa6450761df8'@'localhost' (using password: YES)")
set -o pipefail; /usr/bin/mariadb-dump --user=_3459fc20e3de2b0c --host=127.0.0.1 --port=3306 --password=********** --single-transaction --quick --lock-tables=false _3459fc20e3de2b0c | /usr/bin/gzip >> ./alumnimgmt.localhost/private/backups/20250423_180002-alumnimgmt_localhost-database.sql.gz

Backup Summary for alumnimgmt.localhost at 2025-04-23 18:00:03.659682
Config  : /home/pearl/alumnimgmtsystem/sites/alumnimgmt.localhost/private/backups/20250423_180002-alumnimgmt_localhost-site_config_backup.json 127.0B
Database: /home/pearl/alumnimgmtsystem/sites/alumnimgmt.localhost/private/backups/20250423_180002-alumnimgmt_localhost-database.sql.gz 400.3KiB
Backup for Site alumnimgmt.localhost has been successfully completed
Backup failed for Site library.localhost. Database or site_config.json may be corrupted
Traceback with variables (most recent call last):
  File "apps/frappe/frappe/commands/site.py", line 865, in backup
    odb = scheduled_backup(
      context = CliCtxObj(sites=['alumnimgmt.localhost', 'library.localhost'], force=False, profile=False, verbose=True)
      with_files = False
      backup_path = None
      backup_path_db = None
      backup_path_files = None
      backup_path_private_files = None
      backup_path_conf = None
      ignore_backup_conf = False
      verbose = True
      compress = False
      include = ''
      exclude = ''
      old_backup_metadata = False
      scheduled_backup = <function scheduled_backup at 0x73a9e190b880>
      exit_code = 0
      rollback_callback = None
      site = 'library.localhost'
      odb = <frappe.utils.backups.BackupGenerator object at 0x73a9e0d85790>
  File "apps/frappe/frappe/utils/backups.py", line 589, in scheduled_backup
    return new_backup(
      older_than = 6
      ignore_files = True
      backup_path = None
      backup_path_db = None
      backup_path_files = None
      backup_path_private_files = None
      backup_path_conf = None
      ignore_conf = False
      include_doctypes = ''
      exclude_doctypes = ''
      compress = False
      force = True
      verbose = True
      old_backup_metadata = False
      rollback_callback = <frappe.utils.CallbackManager object at 0x73a9e0c8e830>
  File "apps/frappe/frappe/utils/backups.py", line 626, in new_backup
    odb = BackupGenerator(
      older_than = 6
      ignore_files = True
      backup_path = None
      backup_path_db = None
      backup_path_files = None
      backup_path_private_files = None
      backup_path_conf = None
      ignore_conf = False
      include_doctypes = ''
      exclude_doctypes = ''
      compress = False
      force = True
      verbose = True
      old_backup_metadata = False
      rollback_callback = <frappe.utils.CallbackManager object at 0x73a9e0c8e830>
  File "apps/frappe/frappe/utils/backups.py", line 89, in __init__
    self.setup_backup_tables()
      self = <frappe.utils.backups.BackupGenerator object at 0x73a9e0c8e930>
      db_name = '_9a54aa6450761df8'
      user = '_9a54aa6450761df8'
      password = ********
      backup_path = None
      backup_path_db = None
      backup_path_files = None
      backup_path_private_files = None
      db_socket = None
      db_host = '127.0.0.1'
      db_port = 3306
      db_type = 'mariadb'
      backup_path_conf = None
      ignore_conf = False
      compress_files = False
      include_doctypes = ''
      exclude_doctypes = ''
      verbose = True
      old_backup_metadata = False
      rollback_callback = <frappe.utils.CallbackManager object at 0x73a9e0c8e830>
      site = 'library.localhost'
  File "apps/frappe/frappe/utils/backups.py", line 126, in setup_backup_tables
    self._set_existing_tables()
      self = <frappe.utils.backups.BackupGenerator object at 0x73a9e0c8e930>
  File "apps/frappe/frappe/utils/backups.py", line 122, in _set_existing_tables
    self._existing_tables = frappe.db.get_tables()
      self = <frappe.utils.backups.BackupGenerator object at 0x73a9e0c8e930>
  File "apps/frappe/frappe/database/mariadb/database.py", line 485, in get_tables
    .run(pluck=True)
      self = <frappe.database.mariadb.database.MariaDBDatabase object at 0x73a9e1ca5640>
      cached = True
      to_query = True
      tables = None
      information_schema = <pypika.queries.Schema object at 0x73a9e0c8e990>
  File "apps/frappe/frappe/query_builder/utils.py", line 80, in execute_query
    result = frappe.db.sql(query, params, *args, **kwargs)  # nosemgrep
      query = 'SELECT `table_name` FROM `information_schema`.`tables` WHERE `table_schema`=%(param1)s'
      args = ()
      kwargs = {'pluck': True}
      child_queries = []
      params = {'param1': '_9a54aa6450761df8'}
  File "apps/frappe/frappe/database/database.py", line 237, in sql
    self.connect()
      self = <frappe.database.mariadb.database.MariaDBDatabase object at 0x73a9e1ca5640>
      query = 'SELECT `table_name` FROM `information_schema`.`tables` WHERE `table_schema`=%(param1)s'
      values = {'param1': '_9a54aa6450761df8'}
      as_dict = 0
      as_list = 0
      debug = False
      ignore_ddl = 0
      auto_commit = 0
      update = None
      explain = False
      run = True
      pluck = True
      as_iterator = False
      query_type = 'select'
  File "apps/frappe/frappe/database/database.py", line 135, in connect
    self.get_connection()
      self = <frappe.database.mariadb.database.MariaDBDatabase object at 0x73a9e1ca5640>
  File "apps/frappe/frappe/database/mariadb/database.py", line 105, in get_connection
    conn = self._get_connection()
      self = <frappe.database.mariadb.database.MariaDBDatabase object at 0x73a9e1ca5640>
  File "apps/frappe/frappe/database/mariadb/database.py", line 111, in _get_connection
    return self.create_connection()
      self = <frappe.database.mariadb.database.MariaDBDatabase object at 0x73a9e1ca5640>
  File "apps/frappe/frappe/database/mariadb/database.py", line 114, in create_connection
    return pymysql.connect(**self.get_connection_settings())
      self = <frappe.database.mariadb.database.MariaDBDatabase object at 0x73a9e1ca5640>
  File "env/lib/python3.12/site-packages/pymysql/connections.py", line 361, in __init__
    self.connect()
      self = <pymysql.connections.Connection object at 0x73a9e19630e0>
      user = '_9a54aa6450761df8'
      password = ********
      host = '127.0.0.1'
      database = '_9a54aa6450761df8'
      unix_socket = None
      port = 3306
      charset = 'utf8mb4'
      collation = 'utf8mb4_unicode_ci'
      sql_mode = None
      read_default_file = None
      conv = {<class 'bool'>: <function escape_bool at 0x73a9e0db9120>, <class 'int'>: <function escape_int at 0x73a9e0db91c0>, <class 'float'>: <function escape_float at 0x73a9e0db9260>, <class 'str'>: <function escape_str at 0x73a9e0db94e0>, <class 'bytes'>: <function escape_bytes at 0x73a9e0db9440>, <class 'tuple'>: <function escape_sequence at 0x73a9e0db8fe0>, <class 'list'>: <function escape_sequence at 0x73a9e0db8fe0>, <class 'set'>: <function escape_sequence at 0x73a9e0db8fe0>, <class 'frozenset'>: <function escape_sequence at 0x73a9e0db8fe0>, <class 'dict'>: <function escape_dict at 0x73a9e0db8f40>, <class 'NoneType'>: <function escape_None at 0x73a9e0db9580>, <class 'datetime.date'>: <function escape_date at 0x73a9e0db9800>, <class 'datetime.datetime'>: <function escape_datetime at 0x73a9e0db9760>, <class 'datetime.timedelta'>: <function escape_timedelta at 0x73a9e0db9620>, <class 'datetime.time'>: <function escape_time at 0x73a9e0db96c0>, <class 'time.struct_time'>: <function escape_struc...
      use_unicode = True
      client_flag = 3842573
      cursorclass = <class 'pymysql.cursors.Cursor'>
      init_command = None
      connect_timeout = 10
      read_default_group = None
      autocommit = False
      local_infile = False
      max_allowed_packet = 16777216
      defer_connect = False
      auth_plugin_map = None
      read_timeout = None
      write_timeout = None
      bind_address = None
      binary_prefix = False
      program_name = None
      server_public_key = ********
      ssl = None
      ssl_ca = None
      ssl_cert = None
      ssl_disabled = None
      ssl_key = ********
      ssl_key_password = ********
      ssl_verify_cert = None
      ssl_verify_identity = None
      compress = None
      named_pipe = None
      passwd = ********
      db = None
  File "env/lib/python3.12/site-packages/pymysql/connections.py", line 669, in connect
    self._request_authentication()
      self = <pymysql.connections.Connection object at 0x73a9e19630e0>
      sock = <socket.socket [closed] fd=-1, family=2, type=1, proto=6>
      kwargs = {}
  File "env/lib/python3.12/site-packages/pymysql/connections.py", line 957, in _request_authentication
    auth_packet = self._read_packet()
      self = <pymysql.connections.Connection object at 0x73a9e19630e0>
      charset_id = 45
      data_init = b'\r\xa2:\x00\xff\xff\xff\x00-\x00\x00\x00\x00\x00\x00\x00\x00\x00\x00\x00\x00\x00\x00\x00\x00\x00\x00\x00\x00\x00\x00\x00'
      data = b'\r\xa2:\x00\xff\xff\xff\x00-\x00\x00\x00\x00\x00\x00\x00\x00\x00\x00\x00\x00\x00\x00\x00\x00\x00\x00\x00\x00\x00\x00\x00_9a54aa6450761df8\x00\x146 \x8e#h\t\xa1t\xcc\xa3\x82\xae\xb0\xd6\x1e\xc8\\\x99\xacO_9a54aa6450761df8\x00mysql_native_password\x005\x0c_client_name\x07pymysql\x0f_client_version\x051.1.1\x04_pid\x047154'
      authresp = b'6 \x8e#h\t\xa1t\xcc\xa3\x82\xae\xb0\xd6\x1e\xc8\\\x99\xacO'
      plugin_name = b'mysql_native_password'
      connect_attrs = b'\x0c_client_name\x07pymysql\x0f_client_version\x051.1.1\x04_pid\x047154'
      k = b'_pid'
      v = b'7154'
  File "env/lib/python3.12/site-packages/pymysql/connections.py", line 775, in _read_packet
    packet.raise_for_error()
      self = <pymysql.connections.Connection object at 0x73a9e19630e0>
      packet_type = <class 'pymysql.protocol.MysqlPacket'>
      buff = bytearray(b"\xff\x15\x04#28000Access denied for user \'_9a54aa6450761df8\'@\'localhost\' (using password: YES)")
      packet_header = b'U\x00\x00\x02'
      btrl = 85
      btrh = 0
      packet_number = 2
      bytes_to_read = 85
      recv_data = b"\xff\x15\x04#28000Access denied for user '_9a54aa6450761df8'@'localhost' (using password: YES)"
      packet = <pymysql.protocol.MysqlPacket object at 0x73a9e0c8eb30>
  File "env/lib/python3.12/site-packages/pymysql/protocol.py", line 219, in raise_for_error
    err.raise_mysql_exception(self._data)
      self = <pymysql.protocol.MysqlPacket object at 0x73a9e0c8eb30>
      errno = 1045
  File "env/lib/python3.12/site-packages/pymysql/err.py", line 150, in raise_mysql_exception
    raise errorclass(errno, errval)
      data = b"\xff\x15\x04#28000Access denied for user '_9a54aa6450761df8'@'localhost' (using password: YES)"
      errno = 1045
      errval = "Access denied for user '_9a54aa6450761df8'@'localhost' (using password: YES)"
      errorclass = <class 'pymysql.err.OperationalError'>
pymysql.err.OperationalError: (1045, "Access denied for user '_9a54aa6450761df8'@'localhost' (using password: YES)")
set -o pipefail; /usr/bin/mariadb-dump --user=_3459fc20e3de2b0c --host=127.0.0.1 --port=3306 --password=********** --single-transaction --quick --lock-tables=false _3459fc20e3de2b0c | /usr/bin/gzip >> ./alumnimgmt.localhost/private/backups/20250424_180003-alumnimgmt_localhost-database.sql.gz

Backup Summary for alumnimgmt.localhost at 2025-04-24 18:00:03.886061
Config  : /home/pearl/alumnimgmtsystem/sites/alumnimgmt.localhost/private/backups/20250424_180003-alumnimgmt_localhost-site_config_backup.json 127.0B
Database: /home/pearl/alumnimgmtsystem/sites/alumnimgmt.localhost/private/backups/20250424_180003-alumnimgmt_localhost-database.sql.gz 409.7KiB
Backup for Site alumnimgmt.localhost has been successfully completed
Backup failed for Site library.localhost. Database or site_config.json may be corrupted
Traceback with variables (most recent call last):
  File "apps/frappe/frappe/commands/site.py", line 865, in backup
    odb = scheduled_backup(
      context = CliCtxObj(sites=['alumnimgmt.localhost', 'library.localhost'], force=False, profile=False, verbose=True)
      with_files = False
      backup_path = None
      backup_path_db = None
      backup_path_files = None
      backup_path_private_files = None
      backup_path_conf = None
      ignore_backup_conf = False
      verbose = True
      compress = False
      include = ''
      exclude = ''
      old_backup_metadata = False
      scheduled_backup = <function scheduled_backup at 0x7c9df3a4f880>
      exit_code = 0
      rollback_callback = None
      site = 'library.localhost'
      odb = <frappe.utils.backups.BackupGenerator object at 0x7c9df2e0ff80>
  File "apps/frappe/frappe/utils/backups.py", line 589, in scheduled_backup
    return new_backup(
      older_than = 6
      ignore_files = True
      backup_path = None
      backup_path_db = None
      backup_path_files = None
      backup_path_private_files = None
      backup_path_conf = None
      ignore_conf = False
      include_doctypes = ''
      exclude_doctypes = ''
      compress = False
      force = True
      verbose = True
      old_backup_metadata = False
      rollback_callback = <frappe.utils.CallbackManager object at 0x7c9df2cd3b20>
  File "apps/frappe/frappe/utils/backups.py", line 626, in new_backup
    odb = BackupGenerator(
      older_than = 6
      ignore_files = True
      backup_path = None
      backup_path_db = None
      backup_path_files = None
      backup_path_private_files = None
      backup_path_conf = None
      ignore_conf = False
      include_doctypes = ''
      exclude_doctypes = ''
      compress = False
      force = True
      verbose = True
      old_backup_metadata = False
      rollback_callback = <frappe.utils.CallbackManager object at 0x7c9df2cd3b20>
  File "apps/frappe/frappe/utils/backups.py", line 89, in __init__
    self.setup_backup_tables()
      self = <frappe.utils.backups.BackupGenerator object at 0x7c9df2cd3ef0>
      db_name = '_9a54aa6450761df8'
      user = '_9a54aa6450761df8'
      password = ********
      backup_path = None
      backup_path_db = None
      backup_path_files = None
      backup_path_private_files = None
      db_socket = None
      db_host = '127.0.0.1'
      db_port = 3306
      db_type = 'mariadb'
      backup_path_conf = None
      ignore_conf = False
      compress_files = False
      include_doctypes = ''
      exclude_doctypes = ''
      verbose = True
      old_backup_metadata = False
      rollback_callback = <frappe.utils.CallbackManager object at 0x7c9df2cd3b20>
      site = 'library.localhost'
  File "apps/frappe/frappe/utils/backups.py", line 126, in setup_backup_tables
    self._set_existing_tables()
      self = <frappe.utils.backups.BackupGenerator object at 0x7c9df2cd3ef0>
  File "apps/frappe/frappe/utils/backups.py", line 122, in _set_existing_tables
    self._existing_tables = frappe.db.get_tables()
      self = <frappe.utils.backups.BackupGenerator object at 0x7c9df2cd3ef0>
  File "apps/frappe/frappe/database/mariadb/database.py", line 485, in get_tables
    .run(pluck=True)
      self = <frappe.database.mariadb.database.MariaDBDatabase object at 0x7c9df3fb7770>
      cached = True
      to_query = True
      tables = None
      information_schema = <pypika.queries.Schema object at 0x7c9df2e405f0>
  File "apps/frappe/frappe/query_builder/utils.py", line 80, in execute_query
    result = frappe.db.sql(query, params, *args, **kwargs)  # nosemgrep
      query = 'SELECT `table_name` FROM `information_schema`.`tables` WHERE `table_schema`=%(param1)s'
      args = ()
      kwargs = {'pluck': True}
      child_queries = []
      params = {'param1': '_9a54aa6450761df8'}
  File "apps/frappe/frappe/database/database.py", line 237, in sql
    self.connect()
      self = <frappe.database.mariadb.database.MariaDBDatabase object at 0x7c9df3fb7770>
      query = 'SELECT `table_name` FROM `information_schema`.`tables` WHERE `table_schema`=%(param1)s'
      values = {'param1': '_9a54aa6450761df8'}
      as_dict = 0
      as_list = 0
      debug = False
      ignore_ddl = 0
      auto_commit = 0
      update = None
      explain = False
      run = True
      pluck = True
      as_iterator = False
      query_type = 'select'
  File "apps/frappe/frappe/database/database.py", line 135, in connect
    self.get_connection()
      self = <frappe.database.mariadb.database.MariaDBDatabase object at 0x7c9df3fb7770>
  File "apps/frappe/frappe/database/mariadb/database.py", line 105, in get_connection
    conn = self._get_connection()
      self = <frappe.database.mariadb.database.MariaDBDatabase object at 0x7c9df3fb7770>
  File "apps/frappe/frappe/database/mariadb/database.py", line 111, in _get_connection
    return self.create_connection()
      self = <frappe.database.mariadb.database.MariaDBDatabase object at 0x7c9df3fb7770>
  File "apps/frappe/frappe/database/mariadb/database.py", line 114, in create_connection
    return pymysql.connect(**self.get_connection_settings())
      self = <frappe.database.mariadb.database.MariaDBDatabase object at 0x7c9df3fb7770>
  File "env/lib/python3.12/site-packages/pymysql/connections.py", line 361, in __init__
    self.connect()
      self = <pymysql.connections.Connection object at 0x7c9df468fef0>
      user = '_9a54aa6450761df8'
      password = ********
      host = '127.0.0.1'
      database = '_9a54aa6450761df8'
      unix_socket = None
      port = 3306
      charset = 'utf8mb4'
      collation = 'utf8mb4_unicode_ci'
      sql_mode = None
      read_default_file = None
      conv = {<class 'bool'>: <function escape_bool at 0x7c9df2f69120>, <class 'int'>: <function escape_int at 0x7c9df2f691c0>, <class 'float'>: <function escape_float at 0x7c9df2f69260>, <class 'str'>: <function escape_str at 0x7c9df2f694e0>, <class 'bytes'>: <function escape_bytes at 0x7c9df2f69440>, <class 'tuple'>: <function escape_sequence at 0x7c9df2f68fe0>, <class 'list'>: <function escape_sequence at 0x7c9df2f68fe0>, <class 'set'>: <function escape_sequence at 0x7c9df2f68fe0>, <class 'frozenset'>: <function escape_sequence at 0x7c9df2f68fe0>, <class 'dict'>: <function escape_dict at 0x7c9df2f68f40>, <class 'NoneType'>: <function escape_None at 0x7c9df2f69580>, <class 'datetime.date'>: <function escape_date at 0x7c9df2f69800>, <class 'datetime.datetime'>: <function escape_datetime at 0x7c9df2f69760>, <class 'datetime.timedelta'>: <function escape_timedelta at 0x7c9df2f69620>, <class 'datetime.time'>: <function escape_time at 0x7c9df2f696c0>, <class 'time.struct_time'>: <function escape_struc...
      use_unicode = True
      client_flag = 3842573
      cursorclass = <class 'pymysql.cursors.Cursor'>
      init_command = None
      connect_timeout = 10
      read_default_group = None
      autocommit = False
      local_infile = False
      max_allowed_packet = 16777216
      defer_connect = False
      auth_plugin_map = None
      read_timeout = None
      write_timeout = None
      bind_address = None
      binary_prefix = False
      program_name = None
      server_public_key = ********
      ssl = None
      ssl_ca = None
      ssl_cert = None
      ssl_disabled = None
      ssl_key = ********
      ssl_key_password = ********
      ssl_verify_cert = None
      ssl_verify_identity = None
      compress = None
      named_pipe = None
      passwd = ********
      db = None
  File "env/lib/python3.12/site-packages/pymysql/connections.py", line 669, in connect
    self._request_authentication()
      self = <pymysql.connections.Connection object at 0x7c9df468fef0>
      sock = <socket.socket [closed] fd=-1, family=2, type=1, proto=6>
      kwargs = {}
  File "env/lib/python3.12/site-packages/pymysql/connections.py", line 957, in _request_authentication
    auth_packet = self._read_packet()
      self = <pymysql.connections.Connection object at 0x7c9df468fef0>
      charset_id = 45
      data_init = b'\r\xa2:\x00\xff\xff\xff\x00-\x00\x00\x00\x00\x00\x00\x00\x00\x00\x00\x00\x00\x00\x00\x00\x00\x00\x00\x00\x00\x00\x00\x00'
      data = b'\r\xa2:\x00\xff\xff\xff\x00-\x00\x00\x00\x00\x00\x00\x00\x00\x00\x00\x00\x00\x00\x00\x00\x00\x00\x00\x00\x00\x00\x00\x00_9a54aa6450761df8\x00\x14\xee(\x90z\xffh:J\xccO\x8b\xc3\xf1$\xd8\xe9\xef\xdf\xd1\xeb_9a54aa6450761df8\x00mysql_native_password\x005\x0c_client_name\x07pymysql\x0f_client_version\x051.1.1\x04_pid\x044760'
      authresp = b'\xee(\x90z\xffh:J\xccO\x8b\xc3\xf1$\xd8\xe9\xef\xdf\xd1\xeb'
      plugin_name = b'mysql_native_password'
      connect_attrs = b'\x0c_client_name\x07pymysql\x0f_client_version\x051.1.1\x04_pid\x044760'
      k = b'_pid'
      v = b'4760'
  File "env/lib/python3.12/site-packages/pymysql/connections.py", line 775, in _read_packet
    packet.raise_for_error()
      self = <pymysql.connections.Connection object at 0x7c9df468fef0>
      packet_type = <class 'pymysql.protocol.MysqlPacket'>
      buff = bytearray(b"\xff\x15\x04#28000Access denied for user \'_9a54aa6450761df8\'@\'localhost\' (using password: YES)")
      packet_header = b'U\x00\x00\x02'
      btrl = 85
      btrh = 0
      packet_number = 2
      bytes_to_read = 85
      recv_data = b"\xff\x15\x04#28000Access denied for user '_9a54aa6450761df8'@'localhost' (using password: YES)"
      packet = <pymysql.protocol.MysqlPacket object at 0x7c9df2d34f40>
  File "env/lib/python3.12/site-packages/pymysql/protocol.py", line 219, in raise_for_error
    err.raise_mysql_exception(self._data)
      self = <pymysql.protocol.MysqlPacket object at 0x7c9df2d34f40>
      errno = 1045
  File "env/lib/python3.12/site-packages/pymysql/err.py", line 150, in raise_mysql_exception
    raise errorclass(errno, errval)
      data = b"\xff\x15\x04#28000Access denied for user '_9a54aa6450761df8'@'localhost' (using password: YES)"
      errno = 1045
      errval = "Access denied for user '_9a54aa6450761df8'@'localhost' (using password: YES)"
      errorclass = <class 'pymysql.err.OperationalError'>
pymysql.err.OperationalError: (1045, "Access denied for user '_9a54aa6450761df8'@'localhost' (using password: YES)")
set -o pipefail; /usr/bin/mariadb-dump --user=_3459fc20e3de2b0c --host=127.0.0.1 --port=3306 --password=********** --single-transaction --quick --lock-tables=false _3459fc20e3de2b0c | /usr/bin/gzip >> ./alumnimgmt.localhost/private/backups/20250427_120001-alumnimgmt_localhost-database.sql.gz

Backup Summary for alumnimgmt.localhost at 2025-04-27 12:00:02.142692
Config  : /home/pearl/alumnimgmtsystem/sites/alumnimgmt.localhost/private/backups/20250427_120001-alumnimgmt_localhost-site_config_backup.json 127.0B
Database: /home/pearl/alumnimgmtsystem/sites/alumnimgmt.localhost/private/backups/20250427_120001-alumnimgmt_localhost-database.sql.gz 432.4KiB
Backup for Site alumnimgmt.localhost has been successfully completed
Backup failed for Site library.localhost. Database or site_config.json may be corrupted
Traceback with variables (most recent call last):
  File "apps/frappe/frappe/commands/site.py", line 865, in backup
    odb = scheduled_backup(
      context = CliCtxObj(sites=['alumnimgmt.localhost', 'library.localhost'], force=False, profile=False, verbose=True)
      with_files = False
      backup_path = None
      backup_path_db = None
      backup_path_files = None
      backup_path_private_files = None
      backup_path_conf = None
      ignore_backup_conf = False
      verbose = True
      compress = False
      include = ''
      exclude = ''
      old_backup_metadata = False
      scheduled_backup = <function scheduled_backup at 0x7c8e43607880>
      exit_code = 0
      rollback_callback = None
      site = 'library.localhost'
      odb = <frappe.utils.backups.BackupGenerator object at 0x7c8e434997f0>
  File "apps/frappe/frappe/utils/backups.py", line 589, in scheduled_backup
    return new_backup(
      older_than = 6
      ignore_files = True
      backup_path = None
      backup_path_db = None
      backup_path_files = None
      backup_path_private_files = None
      backup_path_conf = None
      ignore_conf = False
      include_doctypes = ''
      exclude_doctypes = ''
      compress = False
      force = True
      verbose = True
      old_backup_metadata = False
      rollback_callback = <frappe.utils.CallbackManager object at 0x7c8e4298e5c0>
  File "apps/frappe/frappe/utils/backups.py", line 626, in new_backup
    odb = BackupGenerator(
      older_than = 6
      ignore_files = True
      backup_path = None
      backup_path_db = None
      backup_path_files = None
      backup_path_private_files = None
      backup_path_conf = None
      ignore_conf = False
      include_doctypes = ''
      exclude_doctypes = ''
      compress = False
      force = True
      verbose = True
      old_backup_metadata = False
      rollback_callback = <frappe.utils.CallbackManager object at 0x7c8e4298e5c0>
  File "apps/frappe/frappe/utils/backups.py", line 89, in __init__
    self.setup_backup_tables()
      self = <frappe.utils.backups.BackupGenerator object at 0x7c8e4298cfe0>
      db_name = '_9a54aa6450761df8'
      user = '_9a54aa6450761df8'
      password = ********
      backup_path = None
      backup_path_db = None
      backup_path_files = None
      backup_path_private_files = None
      db_socket = None
      db_host = '127.0.0.1'
      db_port = 3306
      db_type = 'mariadb'
      backup_path_conf = None
      ignore_conf = False
      compress_files = False
      include_doctypes = ''
      exclude_doctypes = ''
      verbose = True
      old_backup_metadata = False
      rollback_callback = <frappe.utils.CallbackManager object at 0x7c8e4298e5c0>
      site = 'library.localhost'
  File "apps/frappe/frappe/utils/backups.py", line 126, in setup_backup_tables
    self._set_existing_tables()
      self = <frappe.utils.backups.BackupGenerator object at 0x7c8e4298cfe0>
  File "apps/frappe/frappe/utils/backups.py", line 122, in _set_existing_tables
    self._existing_tables = frappe.db.get_tables()
      self = <frappe.utils.backups.BackupGenerator object at 0x7c8e4298cfe0>
  File "apps/frappe/frappe/database/mariadb/database.py", line 485, in get_tables
    .run(pluck=True)
      self = <frappe.database.mariadb.database.MariaDBDatabase object at 0x7c8e43459ac0>
      cached = True
      to_query = True
      tables = None
      information_schema = <pypika.queries.Schema object at 0x7c8e4365f3e0>
  File "apps/frappe/frappe/query_builder/utils.py", line 80, in execute_query
    result = frappe.db.sql(query, params, *args, **kwargs)  # nosemgrep
      query = 'SELECT `table_name` FROM `information_schema`.`tables` WHERE `table_schema`=%(param1)s'
      args = ()
      kwargs = {'pluck': True}
      child_queries = []
      params = {'param1': '_9a54aa6450761df8'}
  File "apps/frappe/frappe/database/database.py", line 237, in sql
    self.connect()
      self = <frappe.database.mariadb.database.MariaDBDatabase object at 0x7c8e43459ac0>
      query = 'SELECT `table_name` FROM `information_schema`.`tables` WHERE `table_schema`=%(param1)s'
      values = {'param1': '_9a54aa6450761df8'}
      as_dict = 0
      as_list = 0
      debug = False
      ignore_ddl = 0
      auto_commit = 0
      update = None
      explain = False
      run = True
      pluck = True
      as_iterator = False
      query_type = 'select'
  File "apps/frappe/frappe/database/database.py", line 135, in connect
    self.get_connection()
      self = <frappe.database.mariadb.database.MariaDBDatabase object at 0x7c8e43459ac0>
  File "apps/frappe/frappe/database/mariadb/database.py", line 105, in get_connection
    conn = self._get_connection()
      self = <frappe.database.mariadb.database.MariaDBDatabase object at 0x7c8e43459ac0>
  File "apps/frappe/frappe/database/mariadb/database.py", line 111, in _get_connection
    return self.create_connection()
      self = <frappe.database.mariadb.database.MariaDBDatabase object at 0x7c8e43459ac0>
  File "apps/frappe/frappe/database/mariadb/database.py", line 114, in create_connection
    return pymysql.connect(**self.get_connection_settings())
      self = <frappe.database.mariadb.database.MariaDBDatabase object at 0x7c8e43459ac0>
  File "env/lib/python3.12/site-packages/pymysql/connections.py", line 361, in __init__
    self.connect()
      self = <pymysql.connections.Connection object at 0x7c8e43930530>
      user = '_9a54aa6450761df8'
      password = ********
      host = '127.0.0.1'
      database = '_9a54aa6450761df8'
      unix_socket = None
      port = 3306
      charset = 'utf8mb4'
      collation = 'utf8mb4_unicode_ci'
      sql_mode = None
      read_default_file = None
      conv = {<class 'bool'>: <function escape_bool at 0x7c8e4348d120>, <class 'int'>: <function escape_int at 0x7c8e4348d1c0>, <class 'float'>: <function escape_float at 0x7c8e4348d260>, <class 'str'>: <function escape_str at 0x7c8e4348d4e0>, <class 'bytes'>: <function escape_bytes at 0x7c8e4348d440>, <class 'tuple'>: <function escape_sequence at 0x7c8e4348cfe0>, <class 'list'>: <function escape_sequence at 0x7c8e4348cfe0>, <class 'set'>: <function escape_sequence at 0x7c8e4348cfe0>, <class 'frozenset'>: <function escape_sequence at 0x7c8e4348cfe0>, <class 'dict'>: <function escape_dict at 0x7c8e4348cf40>, <class 'NoneType'>: <function escape_None at 0x7c8e4348d580>, <class 'datetime.date'>: <function escape_date at 0x7c8e4348d800>, <class 'datetime.datetime'>: <function escape_datetime at 0x7c8e4348d760>, <class 'datetime.timedelta'>: <function escape_timedelta at 0x7c8e4348d620>, <class 'datetime.time'>: <function escape_time at 0x7c8e4348d6c0>, <class 'time.struct_time'>: <function escape_struc...
      use_unicode = True
      client_flag = 3842573
      cursorclass = <class 'pymysql.cursors.Cursor'>
      init_command = None
      connect_timeout = 10
      read_default_group = None
      autocommit = False
      local_infile = False
      max_allowed_packet = 16777216
      defer_connect = False
      auth_plugin_map = None
      read_timeout = None
      write_timeout = None
      bind_address = None
      binary_prefix = False
      program_name = None
      server_public_key = ********
      ssl = None
      ssl_ca = None
      ssl_cert = None
      ssl_disabled = None
      ssl_key = ********
      ssl_key_password = ********
      ssl_verify_cert = None
      ssl_verify_identity = None
      compress = None
      named_pipe = None
      passwd = ********
      db = None
  File "env/lib/python3.12/site-packages/pymysql/connections.py", line 669, in connect
    self._request_authentication()
      self = <pymysql.connections.Connection object at 0x7c8e43930530>
      sock = <socket.socket [closed] fd=-1, family=2, type=1, proto=6>
      kwargs = {}
  File "env/lib/python3.12/site-packages/pymysql/connections.py", line 957, in _request_authentication
    auth_packet = self._read_packet()
      self = <pymysql.connections.Connection object at 0x7c8e43930530>
      charset_id = 45
      data_init = b'\r\xa2:\x00\xff\xff\xff\x00-\x00\x00\x00\x00\x00\x00\x00\x00\x00\x00\x00\x00\x00\x00\x00\x00\x00\x00\x00\x00\x00\x00\x00'
      data = b'\r\xa2:\x00\xff\xff\xff\x00-\x00\x00\x00\x00\x00\x00\x00\x00\x00\x00\x00\x00\x00\x00\x00\x00\x00\x00\x00\x00\x00\x00\x00_9a54aa6450761df8\x00\x147~\xec\xb8\x8d\xd8?\x03\xb7\xb0#s%\xd7O`\xf1.\x8aI_9a54aa6450761df8\x00mysql_native_password\x005\x0c_client_name\x07pymysql\x0f_client_version\x051.1.1\x04_pid\x047426'
      authresp = b'7~\xec\xb8\x8d\xd8?\x03\xb7\xb0#s%\xd7O`\xf1.\x8aI'
      plugin_name = b'mysql_native_password'
      connect_attrs = b'\x0c_client_name\x07pymysql\x0f_client_version\x051.1.1\x04_pid\x047426'
      k = b'_pid'
      v = b'7426'
  File "env/lib/python3.12/site-packages/pymysql/connections.py", line 775, in _read_packet
    packet.raise_for_error()
      self = <pymysql.connections.Connection object at 0x7c8e43930530>
      packet_type = <class 'pymysql.protocol.MysqlPacket'>
      buff = bytearray(b"\xff\x15\x04#28000Access denied for user \'_9a54aa6450761df8\'@\'localhost\' (using password: YES)")
      packet_header = b'U\x00\x00\x02'
      btrl = 85
      btrh = 0
      packet_number = 2
      bytes_to_read = 85
      recv_data = b"\xff\x15\x04#28000Access denied for user '_9a54aa6450761df8'@'localhost' (using password: YES)"
      packet = <pymysql.protocol.MysqlPacket object at 0x7c8e4298e920>
  File "env/lib/python3.12/site-packages/pymysql/protocol.py", line 219, in raise_for_error
    err.raise_mysql_exception(self._data)
      self = <pymysql.protocol.MysqlPacket object at 0x7c8e4298e920>
      errno = 1045
  File "env/lib/python3.12/site-packages/pymysql/err.py", line 150, in raise_mysql_exception
    raise errorclass(errno, errval)
      data = b"\xff\x15\x04#28000Access denied for user '_9a54aa6450761df8'@'localhost' (using password: YES)"
      errno = 1045
      errval = "Access denied for user '_9a54aa6450761df8'@'localhost' (using password: YES)"
      errorclass = <class 'pymysql.err.OperationalError'>
pymysql.err.OperationalError: (1045, "Access denied for user '_9a54aa6450761df8'@'localhost' (using password: YES)")
set -o pipefail; /usr/bin/mariadb-dump --user=_3459fc20e3de2b0c --host=127.0.0.1 --port=3306 --password=********** --single-transaction --quick --lock-tables=false _3459fc20e3de2b0c | /usr/bin/gzip >> ./alumnimgmt.localhost/private/backups/20250427_180002-alumnimgmt_localhost-database.sql.gz

Backup Summary for alumnimgmt.localhost at 2025-04-27 18:00:03.843271
Config  : /home/pearl/alumnimgmtsystem/sites/alumnimgmt.localhost/private/backups/20250427_180002-alumnimgmt_localhost-site_config_backup.json 127.0B
Database: /home/pearl/alumnimgmtsystem/sites/alumnimgmt.localhost/private/backups/20250427_180002-alumnimgmt_localhost-database.sql.gz 458.6KiB
Backup for Site alumnimgmt.localhost has been successfully completed
Backup failed for Site library.localhost. Database or site_config.json may be corrupted
Traceback with variables (most recent call last):
  File "apps/frappe/frappe/commands/site.py", line 865, in backup
    odb = scheduled_backup(
      context = CliCtxObj(sites=['alumnimgmt.localhost', 'library.localhost'], force=False, profile=False, verbose=True)
      with_files = False
      backup_path = None
      backup_path_db = None
      backup_path_files = None
      backup_path_private_files = None
      backup_path_conf = None
      ignore_backup_conf = False
      verbose = True
      compress = False
      include = ''
      exclude = ''
      old_backup_metadata = False
      scheduled_backup = <function scheduled_backup at 0x72139c83f880>
      exit_code = 0
      rollback_callback = None
      site = 'library.localhost'
      odb = <frappe.utils.backups.BackupGenerator object at 0x72139bc54830>
  File "apps/frappe/frappe/utils/backups.py", line 589, in scheduled_backup
    return new_backup(
      older_than = 6
      ignore_files = True
      backup_path = None
      backup_path_db = None
      backup_path_files = None
      backup_path_private_files = None
      backup_path_conf = None
      ignore_conf = False
      include_doctypes = ''
      exclude_doctypes = ''
      compress = False
      force = True
      verbose = True
      old_backup_metadata = False
      rollback_callback = <frappe.utils.CallbackManager object at 0x72139bc55840>
  File "apps/frappe/frappe/utils/backups.py", line 626, in new_backup
    odb = BackupGenerator(
      older_than = 6
      ignore_files = True
      backup_path = None
      backup_path_db = None
      backup_path_files = None
      backup_path_private_files = None
      backup_path_conf = None
      ignore_conf = False
      include_doctypes = ''
      exclude_doctypes = ''
      compress = False
      force = True
      verbose = True
      old_backup_metadata = False
      rollback_callback = <frappe.utils.CallbackManager object at 0x72139bc55840>
  File "apps/frappe/frappe/utils/backups.py", line 89, in __init__
    self.setup_backup_tables()
      self = <frappe.utils.backups.BackupGenerator object at 0x72139bc566f0>
      db_name = '_9a54aa6450761df8'
      user = '_9a54aa6450761df8'
      password = ********
      backup_path = None
      backup_path_db = None
      backup_path_files = None
      backup_path_private_files = None
      db_socket = None
      db_host = '127.0.0.1'
      db_port = 3306
      db_type = 'mariadb'
      backup_path_conf = None
      ignore_conf = False
      compress_files = False
      include_doctypes = ''
      exclude_doctypes = ''
      verbose = True
      old_backup_metadata = False
      rollback_callback = <frappe.utils.CallbackManager object at 0x72139bc55840>
      site = 'library.localhost'
  File "apps/frappe/frappe/utils/backups.py", line 126, in setup_backup_tables
    self._set_existing_tables()
      self = <frappe.utils.backups.BackupGenerator object at 0x72139bc566f0>
  File "apps/frappe/frappe/utils/backups.py", line 122, in _set_existing_tables
    self._existing_tables = frappe.db.get_tables()
      self = <frappe.utils.backups.BackupGenerator object at 0x72139bc566f0>
  File "apps/frappe/frappe/database/mariadb/database.py", line 485, in get_tables
    .run(pluck=True)
      self = <frappe.database.mariadb.database.MariaDBDatabase object at 0x72139bc25e80>
      cached = True
      to_query = True
      tables = None
      information_schema = <pypika.queries.Schema object at 0x72139bc567b0>
  File "apps/frappe/frappe/query_builder/utils.py", line 80, in execute_query
    result = frappe.db.sql(query, params, *args, **kwargs)  # nosemgrep
      query = 'SELECT `table_name` FROM `information_schema`.`tables` WHERE `table_schema`=%(param1)s'
      args = ()
      kwargs = {'pluck': True}
      child_queries = []
      params = {'param1': '_9a54aa6450761df8'}
  File "apps/frappe/frappe/database/database.py", line 237, in sql
    self.connect()
      self = <frappe.database.mariadb.database.MariaDBDatabase object at 0x72139bc25e80>
      query = 'SELECT `table_name` FROM `information_schema`.`tables` WHERE `table_schema`=%(param1)s'
      values = {'param1': '_9a54aa6450761df8'}
      as_dict = 0
      as_list = 0
      debug = False
      ignore_ddl = 0
      auto_commit = 0
      update = None
      explain = False
      run = True
      pluck = True
      as_iterator = False
      query_type = 'select'
  File "apps/frappe/frappe/database/database.py", line 135, in connect
    self.get_connection()
      self = <frappe.database.mariadb.database.MariaDBDatabase object at 0x72139bc25e80>
  File "apps/frappe/frappe/database/mariadb/database.py", line 105, in get_connection
    conn = self._get_connection()
      self = <frappe.database.mariadb.database.MariaDBDatabase object at 0x72139bc25e80>
  File "apps/frappe/frappe/database/mariadb/database.py", line 111, in _get_connection
    return self.create_connection()
      self = <frappe.database.mariadb.database.MariaDBDatabase object at 0x72139bc25e80>
  File "apps/frappe/frappe/database/mariadb/database.py", line 114, in create_connection
    return pymysql.connect(**self.get_connection_settings())
      self = <frappe.database.mariadb.database.MariaDBDatabase object at 0x72139bc25e80>
  File "env/lib/python3.12/site-packages/pymysql/connections.py", line 361, in __init__
    self.connect()
      self = <pymysql.connections.Connection object at 0x72139c7c7fe0>
      user = '_9a54aa6450761df8'
      password = ********
      host = '127.0.0.1'
      database = '_9a54aa6450761df8'
      unix_socket = None
      port = 3306
      charset = 'utf8mb4'
      collation = 'utf8mb4_unicode_ci'
      sql_mode = None
      read_default_file = None
      conv = {<class 'bool'>: <function escape_bool at 0x72139bd81120>, <class 'int'>: <function escape_int at 0x72139bd811c0>, <class 'float'>: <function escape_float at 0x72139bd81260>, <class 'str'>: <function escape_str at 0x72139bd814e0>, <class 'bytes'>: <function escape_bytes at 0x72139bd81440>, <class 'tuple'>: <function escape_sequence at 0x72139bd80fe0>, <class 'list'>: <function escape_sequence at 0x72139bd80fe0>, <class 'set'>: <function escape_sequence at 0x72139bd80fe0>, <class 'frozenset'>: <function escape_sequence at 0x72139bd80fe0>, <class 'dict'>: <function escape_dict at 0x72139bd80f40>, <class 'NoneType'>: <function escape_None at 0x72139bd81580>, <class 'datetime.date'>: <function escape_date at 0x72139bd81800>, <class 'datetime.datetime'>: <function escape_datetime at 0x72139bd81760>, <class 'datetime.timedelta'>: <function escape_timedelta at 0x72139bd81620>, <class 'datetime.time'>: <function escape_time at 0x72139bd816c0>, <class 'time.struct_time'>: <function escape_struc...
      use_unicode = True
      client_flag = 3842573
      cursorclass = <class 'pymysql.cursors.Cursor'>
      init_command = None
      connect_timeout = 10
      read_default_group = None
      autocommit = False
      local_infile = False
      max_allowed_packet = 16777216
      defer_connect = False
      auth_plugin_map = None
      read_timeout = None
      write_timeout = None
      bind_address = None
      binary_prefix = False
      program_name = None
      server_public_key = ********
      ssl = None
      ssl_ca = None
      ssl_cert = None
      ssl_disabled = None
      ssl_key = ********
      ssl_key_password = ********
      ssl_verify_cert = None
      ssl_verify_identity = None
      compress = None
      named_pipe = None
      passwd = ********
      db = None
  File "env/lib/python3.12/site-packages/pymysql/connections.py", line 669, in connect
    self._request_authentication()
      self = <pymysql.connections.Connection object at 0x72139c7c7fe0>
      sock = <socket.socket [closed] fd=-1, family=2, type=1, proto=6>
      kwargs = {}
  File "env/lib/python3.12/site-packages/pymysql/connections.py", line 957, in _request_authentication
    auth_packet = self._read_packet()
      self = <pymysql.connections.Connection object at 0x72139c7c7fe0>
      charset_id = 45
      data_init = b'\r\xa2:\x00\xff\xff\xff\x00-\x00\x00\x00\x00\x00\x00\x00\x00\x00\x00\x00\x00\x00\x00\x00\x00\x00\x00\x00\x00\x00\x00\x00'
      data = b'\r\xa2:\x00\xff\xff\xff\x00-\x00\x00\x00\x00\x00\x00\x00\x00\x00\x00\x00\x00\x00\x00\x00\x00\x00\x00\x00\x00\x00\x00\x00_9a54aa6450761df8\x00\x14\x1a\x8b5\xce\x87\x8b&\x02\x1e\x15\xe9|\t\x13\xdc?\x16\xf3\x05\xf1_9a54aa6450761df8\x00mysql_native_password\x005\x0c_client_name\x07pymysql\x0f_client_version\x051.1.1\x04_pid\x048377'
      authresp = b'\x1a\x8b5\xce\x87\x8b&\x02\x1e\x15\xe9|\t\x13\xdc?\x16\xf3\x05\xf1'
      plugin_name = b'mysql_native_password'
      connect_attrs = b'\x0c_client_name\x07pymysql\x0f_client_version\x051.1.1\x04_pid\x048377'
      k = b'_pid'
      v = b'8377'
  File "env/lib/python3.12/site-packages/pymysql/connections.py", line 775, in _read_packet
    packet.raise_for_error()
      self = <pymysql.connections.Connection object at 0x72139c7c7fe0>
      packet_type = <class 'pymysql.protocol.MysqlPacket'>
      buff = bytearray(b"\xff\x15\x04#28000Access denied for user \'_9a54aa6450761df8\'@\'localhost\' (using password: YES)")
      packet_header = b'U\x00\x00\x02'
      btrl = 85
      btrh = 0
      packet_number = 2
      bytes_to_read = 85
      recv_data = b"\xff\x15\x04#28000Access denied for user '_9a54aa6450761df8'@'localhost' (using password: YES)"
      packet = <pymysql.protocol.MysqlPacket object at 0x72139bc56a10>
  File "env/lib/python3.12/site-packages/pymysql/protocol.py", line 219, in raise_for_error
    err.raise_mysql_exception(self._data)
      self = <pymysql.protocol.MysqlPacket object at 0x72139bc56a10>
      errno = 1045
  File "env/lib/python3.12/site-packages/pymysql/err.py", line 150, in raise_mysql_exception
    raise errorclass(errno, errval)
      data = b"\xff\x15\x04#28000Access denied for user '_9a54aa6450761df8'@'localhost' (using password: YES)"
      errno = 1045
      errval = "Access denied for user '_9a54aa6450761df8'@'localhost' (using password: YES)"
      errorclass = <class 'pymysql.err.OperationalError'>
pymysql.err.OperationalError: (1045, "Access denied for user '_9a54aa6450761df8'@'localhost' (using password: YES)")
set -o pipefail; /usr/bin/mariadb-dump --user=_3459fc20e3de2b0c --host=127.0.0.1 --port=3306 --password=********** --single-transaction --quick --lock-tables=false _3459fc20e3de2b0c | /usr/bin/gzip >> ./alumnimgmt.localhost/private/backups/20250428_120002-alumnimgmt_localhost-database.sql.gz

Backup Summary for alumnimgmt.localhost at 2025-04-28 12:00:03.514030
Config  : /home/pearl/alumnimgmtsystem/sites/alumnimgmt.localhost/private/backups/20250428_120002-alumnimgmt_localhost-site_config_backup.json 127.0B
Database: /home/pearl/alumnimgmtsystem/sites/alumnimgmt.localhost/private/backups/20250428_120002-alumnimgmt_localhost-database.sql.gz 508.3KiB
Backup for Site alumnimgmt.localhost has been successfully completed
Backup failed for Site library.localhost. Database or site_config.json may be corrupted
Traceback with variables (most recent call last):
  File "apps/frappe/frappe/commands/site.py", line 865, in backup
    odb = scheduled_backup(
      context = CliCtxObj(sites=['alumnimgmt.localhost', 'library.localhost'], force=False, profile=False, verbose=True)
      with_files = False
      backup_path = None
      backup_path_db = None
      backup_path_files = None
      backup_path_private_files = None
      backup_path_conf = None
      ignore_backup_conf = False
      verbose = True
      compress = False
      include = ''
      exclude = ''
      old_backup_metadata = False
      scheduled_backup = <function scheduled_backup at 0x74afe4633880>
      exit_code = 0
      rollback_callback = None
      site = 'library.localhost'
      odb = <frappe.utils.backups.BackupGenerator object at 0x74afe3a489e0>
  File "apps/frappe/frappe/utils/backups.py", line 589, in scheduled_backup
    return new_backup(
      older_than = 6
      ignore_files = True
      backup_path = None
      backup_path_db = None
      backup_path_files = None
      backup_path_private_files = None
      backup_path_conf = None
      ignore_conf = False
      include_doctypes = ''
      exclude_doctypes = ''
      compress = False
      force = True
      verbose = True
      old_backup_metadata = False
      rollback_callback = <frappe.utils.CallbackManager object at 0x74afe3a4a7d0>
  File "apps/frappe/frappe/utils/backups.py", line 626, in new_backup
    odb = BackupGenerator(
      older_than = 6
      ignore_files = True
      backup_path = None
      backup_path_db = None
      backup_path_files = None
      backup_path_private_files = None
      backup_path_conf = None
      ignore_conf = False
      include_doctypes = ''
      exclude_doctypes = ''
      compress = False
      force = True
      verbose = True
      old_backup_metadata = False
      rollback_callback = <frappe.utils.CallbackManager object at 0x74afe3a4a7d0>
  File "apps/frappe/frappe/utils/backups.py", line 89, in __init__
    self.setup_backup_tables()
      self = <frappe.utils.backups.BackupGenerator object at 0x74afe3a49a90>
      db_name = '_9a54aa6450761df8'
      user = '_9a54aa6450761df8'
      password = ********
      backup_path = None
      backup_path_db = None
      backup_path_files = None
      backup_path_private_files = None
      db_socket = None
      db_host = '127.0.0.1'
      db_port = 3306
      db_type = 'mariadb'
      backup_path_conf = None
      ignore_conf = False
      compress_files = False
      include_doctypes = ''
      exclude_doctypes = ''
      verbose = True
      old_backup_metadata = False
      rollback_callback = <frappe.utils.CallbackManager object at 0x74afe3a4a7d0>
      site = 'library.localhost'
  File "apps/frappe/frappe/utils/backups.py", line 126, in setup_backup_tables
    self._set_existing_tables()
      self = <frappe.utils.backups.BackupGenerator object at 0x74afe3a49a90>
  File "apps/frappe/frappe/utils/backups.py", line 122, in _set_existing_tables
    self._existing_tables = frappe.db.get_tables()
      self = <frappe.utils.backups.BackupGenerator object at 0x74afe3a49a90>
  File "apps/frappe/frappe/database/mariadb/database.py", line 485, in get_tables
    .run(pluck=True)
      self = <frappe.database.mariadb.database.MariaDBDatabase object at 0x74afe3a1a210>
      cached = True
      to_query = True
      tables = None
      information_schema = <pypika.queries.Schema object at 0x74afe4cb7830>
  File "apps/frappe/frappe/query_builder/utils.py", line 80, in execute_query
    result = frappe.db.sql(query, params, *args, **kwargs)  # nosemgrep
      query = 'SELECT `table_name` FROM `information_schema`.`tables` WHERE `table_schema`=%(param1)s'
      args = ()
      kwargs = {'pluck': True}
      child_queries = []
      params = {'param1': '_9a54aa6450761df8'}
  File "apps/frappe/frappe/database/database.py", line 237, in sql
    self.connect()
      self = <frappe.database.mariadb.database.MariaDBDatabase object at 0x74afe3a1a210>
      query = 'SELECT `table_name` FROM `information_schema`.`tables` WHERE `table_schema`=%(param1)s'
      values = {'param1': '_9a54aa6450761df8'}
      as_dict = 0
      as_list = 0
      debug = False
      ignore_ddl = 0
      auto_commit = 0
      update = None
      explain = False
      run = True
      pluck = True
      as_iterator = False
      query_type = 'select'
  File "apps/frappe/frappe/database/database.py", line 135, in connect
    self.get_connection()
      self = <frappe.database.mariadb.database.MariaDBDatabase object at 0x74afe3a1a210>
  File "apps/frappe/frappe/database/mariadb/database.py", line 105, in get_connection
    conn = self._get_connection()
      self = <frappe.database.mariadb.database.MariaDBDatabase object at 0x74afe3a1a210>
  File "apps/frappe/frappe/database/mariadb/database.py", line 111, in _get_connection
    return self.create_connection()
      self = <frappe.database.mariadb.database.MariaDBDatabase object at 0x74afe3a1a210>
  File "apps/frappe/frappe/database/mariadb/database.py", line 114, in create_connection
    return pymysql.connect(**self.get_connection_settings())
      self = <frappe.database.mariadb.database.MariaDBDatabase object at 0x74afe3a1a210>
  File "env/lib/python3.12/site-packages/pymysql/connections.py", line 361, in __init__
    self.connect()
      self = <pymysql.connections.Connection object at 0x74afe4cef3e0>
      user = '_9a54aa6450761df8'
      password = ********
      host = '127.0.0.1'
      database = '_9a54aa6450761df8'
      unix_socket = None
      port = 3306
      charset = 'utf8mb4'
      collation = 'utf8mb4_unicode_ci'
      sql_mode = None
      read_default_file = None
      conv = {<class 'bool'>: <function escape_bool at 0x74afe3b75120>, <class 'int'>: <function escape_int at 0x74afe3b751c0>, <class 'float'>: <function escape_float at 0x74afe3b75260>, <class 'str'>: <function escape_str at 0x74afe3b754e0>, <class 'bytes'>: <function escape_bytes at 0x74afe3b75440>, <class 'tuple'>: <function escape_sequence at 0x74afe3b74fe0>, <class 'list'>: <function escape_sequence at 0x74afe3b74fe0>, <class 'set'>: <function escape_sequence at 0x74afe3b74fe0>, <class 'frozenset'>: <function escape_sequence at 0x74afe3b74fe0>, <class 'dict'>: <function escape_dict at 0x74afe3b74f40>, <class 'NoneType'>: <function escape_None at 0x74afe3b75580>, <class 'datetime.date'>: <function escape_date at 0x74afe3b75800>, <class 'datetime.datetime'>: <function escape_datetime at 0x74afe3b75760>, <class 'datetime.timedelta'>: <function escape_timedelta at 0x74afe3b75620>, <class 'datetime.time'>: <function escape_time at 0x74afe3b756c0>, <class 'time.struct_time'>: <function escape_struc...
      use_unicode = True
      client_flag = 3842573
      cursorclass = <class 'pymysql.cursors.Cursor'>
      init_command = None
      connect_timeout = 10
      read_default_group = None
      autocommit = False
      local_infile = False
      max_allowed_packet = 16777216
      defer_connect = False
      auth_plugin_map = None
      read_timeout = None
      write_timeout = None
      bind_address = None
      binary_prefix = False
      program_name = None
      server_public_key = ********
      ssl = None
      ssl_ca = None
      ssl_cert = None
      ssl_disabled = None
      ssl_key = ********
      ssl_key_password = ********
      ssl_verify_cert = None
      ssl_verify_identity = None
      compress = None
      named_pipe = None
      passwd = ********
      db = None
  File "env/lib/python3.12/site-packages/pymysql/connections.py", line 669, in connect
    self._request_authentication()
      self = <pymysql.connections.Connection object at 0x74afe4cef3e0>
      sock = <socket.socket [closed] fd=-1, family=2, type=1, proto=6>
      kwargs = {}
  File "env/lib/python3.12/site-packages/pymysql/connections.py", line 957, in _request_authentication
    auth_packet = self._read_packet()
      self = <pymysql.connections.Connection object at 0x74afe4cef3e0>
      charset_id = 45
      data_init = b'\r\xa2:\x00\xff\xff\xff\x00-\x00\x00\x00\x00\x00\x00\x00\x00\x00\x00\x00\x00\x00\x00\x00\x00\x00\x00\x00\x00\x00\x00\x00'
      data = b'\r\xa2:\x00\xff\xff\xff\x00-\x00\x00\x00\x00\x00\x00\x00\x00\x00\x00\x00\x00\x00\x00\x00\x00\x00\x00\x00\x00\x00\x00\x00_9a54aa6450761df8\x00\x14\xa1S\xaeb\xbe\x1dD\xaa\x8e;\xf8z\xef\xc6\x9f\x04.\x18X#_9a54aa6450761df8\x00mysql_native_password\x006\x0c_client_name\x07pymysql\x0f_client_version\x051.1.1\x04_pid\x0511858'
      authresp = b'\xa1S\xaeb\xbe\x1dD\xaa\x8e;\xf8z\xef\xc6\x9f\x04.\x18X#'
      plugin_name = b'mysql_native_password'
      connect_attrs = b'\x0c_client_name\x07pymysql\x0f_client_version\x051.1.1\x04_pid\x0511858'
      k = b'_pid'
      v = b'11858'
  File "env/lib/python3.12/site-packages/pymysql/connections.py", line 775, in _read_packet
    packet.raise_for_error()
      self = <pymysql.connections.Connection object at 0x74afe4cef3e0>
      packet_type = <class 'pymysql.protocol.MysqlPacket'>
      buff = bytearray(b"\xff\x15\x04#28000Access denied for user \'_9a54aa6450761df8\'@\'localhost\' (using password: YES)")
      packet_header = b'U\x00\x00\x02'
      btrl = 85
      btrh = 0
      packet_number = 2
      bytes_to_read = 85
      recv_data = b"\xff\x15\x04#28000Access denied for user '_9a54aa6450761df8'@'localhost' (using password: YES)"
      packet = <pymysql.protocol.MysqlPacket object at 0x74afe3a4aa40>
  File "env/lib/python3.12/site-packages/pymysql/protocol.py", line 219, in raise_for_error
    err.raise_mysql_exception(self._data)
      self = <pymysql.protocol.MysqlPacket object at 0x74afe3a4aa40>
      errno = 1045
  File "env/lib/python3.12/site-packages/pymysql/err.py", line 150, in raise_mysql_exception
    raise errorclass(errno, errval)
      data = b"\xff\x15\x04#28000Access denied for user '_9a54aa6450761df8'@'localhost' (using password: YES)"
      errno = 1045
      errval = "Access denied for user '_9a54aa6450761df8'@'localhost' (using password: YES)"
      errorclass = <class 'pymysql.err.OperationalError'>
pymysql.err.OperationalError: (1045, "Access denied for user '_9a54aa6450761df8'@'localhost' (using password: YES)")
set -o pipefail; /usr/bin/mariadb-dump --user=_3459fc20e3de2b0c --host=127.0.0.1 --port=3306 --password=********** --single-transaction --quick --lock-tables=false _3459fc20e3de2b0c | /usr/bin/gzip >> ./alumnimgmt.localhost/private/backups/20250429_120003-alumnimgmt_localhost-database.sql.gz

Backup Summary for alumnimgmt.localhost at 2025-04-29 12:00:04.789098
Config  : /home/pearl/alumnimgmtsystem/sites/alumnimgmt.localhost/private/backups/20250429_120003-alumnimgmt_localhost-site_config_backup.json 173.0B
Database: /home/pearl/alumnimgmtsystem/sites/alumnimgmt.localhost/private/backups/20250429_120003-alumnimgmt_localhost-database.sql.gz 527.8KiB
Backup for Site alumnimgmt.localhost has been successfully completed
Backup failed for Site library.localhost. Database or site_config.json may be corrupted
Traceback with variables (most recent call last):
  File "apps/frappe/frappe/commands/site.py", line 865, in backup
    odb = scheduled_backup(
      context = CliCtxObj(sites=['alumnimgmt.localhost', 'library.localhost'], force=False, profile=False, verbose=True)
      with_files = False
      backup_path = None
      backup_path_db = None
      backup_path_files = None
      backup_path_private_files = None
      backup_path_conf = None
      ignore_backup_conf = False
      verbose = True
      compress = False
      include = ''
      exclude = ''
      old_backup_metadata = False
      scheduled_backup = <function scheduled_backup at 0x70e30964f880>
      exit_code = 0
      rollback_callback = None
      site = 'library.localhost'
      odb = <frappe.utils.backups.BackupGenerator object at 0x70e308a0fd70>
  File "apps/frappe/frappe/utils/backups.py", line 589, in scheduled_backup
    return new_backup(
      older_than = 6
      ignore_files = True
      backup_path = None
      backup_path_db = None
      backup_path_files = None
      backup_path_private_files = None
      backup_path_conf = None
      ignore_conf = False
      include_doctypes = ''
      exclude_doctypes = ''
      compress = False
      force = True
      verbose = True
      old_backup_metadata = False
      rollback_callback = <frappe.utils.CallbackManager object at 0x70e3088d7fa0>
  File "apps/frappe/frappe/utils/backups.py", line 626, in new_backup
    odb = BackupGenerator(
      older_than = 6
      ignore_files = True
      backup_path = None
      backup_path_db = None
      backup_path_files = None
      backup_path_private_files = None
      backup_path_conf = None
      ignore_conf = False
      include_doctypes = ''
      exclude_doctypes = ''
      compress = False
      force = True
      verbose = True
      old_backup_metadata = False
      rollback_callback = <frappe.utils.CallbackManager object at 0x70e3088d7fa0>
  File "apps/frappe/frappe/utils/backups.py", line 89, in __init__
    self.setup_backup_tables()
      self = <frappe.utils.backups.BackupGenerator object at 0x70e3088d79e0>
      db_name = '_9a54aa6450761df8'
      user = '_9a54aa6450761df8'
      password = ********
      backup_path = None
      backup_path_db = None
      backup_path_files = None
      backup_path_private_files = None
      db_socket = None
      db_host = '127.0.0.1'
      db_port = 3306
      db_type = 'mariadb'
      backup_path_conf = None
      ignore_conf = False
      compress_files = False
      include_doctypes = ''
      exclude_doctypes = ''
      verbose = True
      old_backup_metadata = False
      rollback_callback = <frappe.utils.CallbackManager object at 0x70e3088d7fa0>
      site = 'library.localhost'
  File "apps/frappe/frappe/utils/backups.py", line 126, in setup_backup_tables
    self._set_existing_tables()
      self = <frappe.utils.backups.BackupGenerator object at 0x70e3088d79e0>
  File "apps/frappe/frappe/utils/backups.py", line 122, in _set_existing_tables
    self._existing_tables = frappe.db.get_tables()
      self = <frappe.utils.backups.BackupGenerator object at 0x70e3088d79e0>
  File "apps/frappe/frappe/database/mariadb/database.py", line 485, in get_tables
    .run(pluck=True)
      self = <frappe.database.mariadb.database.MariaDBDatabase object at 0x70e3084dfd70>
      cached = True
      to_query = True
      tables = None
      information_schema = <pypika.queries.Schema object at 0x70e3088d7d70>
  File "apps/frappe/frappe/query_builder/utils.py", line 80, in execute_query
    result = frappe.db.sql(query, params, *args, **kwargs)  # nosemgrep
      query = 'SELECT `table_name` FROM `information_schema`.`tables` WHERE `table_schema`=%(param1)s'
      args = ()
      kwargs = {'pluck': True}
      child_queries = []
      params = {'param1': '_9a54aa6450761df8'}
  File "apps/frappe/frappe/database/database.py", line 237, in sql
    self.connect()
      self = <frappe.database.mariadb.database.MariaDBDatabase object at 0x70e3084dfd70>
      query = 'SELECT `table_name` FROM `information_schema`.`tables` WHERE `table_schema`=%(param1)s'
      values = {'param1': '_9a54aa6450761df8'}
      as_dict = 0
      as_list = 0
      debug = False
      ignore_ddl = 0
      auto_commit = 0
      update = None
      explain = False
      run = True
      pluck = True
      as_iterator = False
      query_type = 'select'
  File "apps/frappe/frappe/database/database.py", line 135, in connect
    self.get_connection()
      self = <frappe.database.mariadb.database.MariaDBDatabase object at 0x70e3084dfd70>
  File "apps/frappe/frappe/database/mariadb/database.py", line 105, in get_connection
    conn = self._get_connection()
      self = <frappe.database.mariadb.database.MariaDBDatabase object at 0x70e3084dfd70>
  File "apps/frappe/frappe/database/mariadb/database.py", line 111, in _get_connection
    return self.create_connection()
      self = <frappe.database.mariadb.database.MariaDBDatabase object at 0x70e3084dfd70>
  File "apps/frappe/frappe/database/mariadb/database.py", line 114, in create_connection
    return pymysql.connect(**self.get_connection_settings())
      self = <frappe.database.mariadb.database.MariaDBDatabase object at 0x70e3084dfd70>
  File "env/lib/python3.12/site-packages/pymysql/connections.py", line 361, in __init__
    self.connect()
      self = <pymysql.connections.Connection object at 0x70e30a28fef0>
      user = '_9a54aa6450761df8'
      password = ********
      host = '127.0.0.1'
      database = '_9a54aa6450761df8'
      unix_socket = None
      port = 3306
      charset = 'utf8mb4'
      collation = 'utf8mb4_unicode_ci'
      sql_mode = None
      read_default_file = None
      conv = {<class 'bool'>: <function escape_bool at 0x70e308b69120>, <class 'int'>: <function escape_int at 0x70e308b691c0>, <class 'float'>: <function escape_float at 0x70e308b69260>, <class 'str'>: <function escape_str at 0x70e308b694e0>, <class 'bytes'>: <function escape_bytes at 0x70e308b69440>, <class 'tuple'>: <function escape_sequence at 0x70e308b68fe0>, <class 'list'>: <function escape_sequence at 0x70e308b68fe0>, <class 'set'>: <function escape_sequence at 0x70e308b68fe0>, <class 'frozenset'>: <function escape_sequence at 0x70e308b68fe0>, <class 'dict'>: <function escape_dict at 0x70e308b68f40>, <class 'NoneType'>: <function escape_None at 0x70e308b69580>, <class 'datetime.date'>: <function escape_date at 0x70e308b69800>, <class 'datetime.datetime'>: <function escape_datetime at 0x70e308b69760>, <class 'datetime.timedelta'>: <function escape_timedelta at 0x70e308b69620>, <class 'datetime.time'>: <function escape_time at 0x70e308b696c0>, <class 'time.struct_time'>: <function escape_struc...
      use_unicode = True
      client_flag = 3842573
      cursorclass = <class 'pymysql.cursors.Cursor'>
      init_command = None
      connect_timeout = 10
      read_default_group = None
      autocommit = False
      local_infile = False
      max_allowed_packet = 16777216
      defer_connect = False
      auth_plugin_map = None
      read_timeout = None
      write_timeout = None
      bind_address = None
      binary_prefix = False
      program_name = None
      server_public_key = ********
      ssl = None
      ssl_ca = None
      ssl_cert = None
      ssl_disabled = None
      ssl_key = ********
      ssl_key_password = ********
      ssl_verify_cert = None
      ssl_verify_identity = None
      compress = None
      named_pipe = None
      passwd = ********
      db = None
  File "env/lib/python3.12/site-packages/pymysql/connections.py", line 669, in connect
    self._request_authentication()
      self = <pymysql.connections.Connection object at 0x70e30a28fef0>
      sock = <socket.socket [closed] fd=-1, family=2, type=1, proto=6>
      kwargs = {}
  File "env/lib/python3.12/site-packages/pymysql/connections.py", line 957, in _request_authentication
    auth_packet = self._read_packet()
      self = <pymysql.connections.Connection object at 0x70e30a28fef0>
      charset_id = 45
      data_init = b'\r\xa2:\x00\xff\xff\xff\x00-\x00\x00\x00\x00\x00\x00\x00\x00\x00\x00\x00\x00\x00\x00\x00\x00\x00\x00\x00\x00\x00\x00\x00'
      data = b'\r\xa2:\x00\xff\xff\xff\x00-\x00\x00\x00\x00\x00\x00\x00\x00\x00\x00\x00\x00\x00\x00\x00\x00\x00\x00\x00\x00\x00\x00\x00_9a54aa6450761df8\x00\x14\x7f\xe4I\xde\xe6\xc5\x14\xbdl\xc7\xd7Q=\xe2\xf5\xa6\xf6\xb7\xad\x9f_9a54aa6450761df8\x00mysql_native_password\x006\x0c_client_name\x07pymysql\x0f_client_version\x051.1.1\x04_pid\x0512046'
      authresp = b'\x7f\xe4I\xde\xe6\xc5\x14\xbdl\xc7\xd7Q=\xe2\xf5\xa6\xf6\xb7\xad\x9f'
      plugin_name = b'mysql_native_password'
      connect_attrs = b'\x0c_client_name\x07pymysql\x0f_client_version\x051.1.1\x04_pid\x0512046'
      k = b'_pid'
      v = b'12046'
  File "env/lib/python3.12/site-packages/pymysql/connections.py", line 775, in _read_packet
    packet.raise_for_error()
      self = <pymysql.connections.Connection object at 0x70e30a28fef0>
      packet_type = <class 'pymysql.protocol.MysqlPacket'>
      buff = bytearray(b"\xff\x15\x04#28000Access denied for user \'_9a54aa6450761df8\'@\'localhost\' (using password: YES)")
      packet_header = b'U\x00\x00\x02'
      btrl = 85
      btrh = 0
      packet_number = 2
      bytes_to_read = 85
      recv_data = b"\xff\x15\x04#28000Access denied for user '_9a54aa6450761df8'@'localhost' (using password: YES)"
      packet = <pymysql.protocol.MysqlPacket object at 0x70e3088d7e20>
  File "env/lib/python3.12/site-packages/pymysql/protocol.py", line 219, in raise_for_error
    err.raise_mysql_exception(self._data)
      self = <pymysql.protocol.MysqlPacket object at 0x70e3088d7e20>
      errno = 1045
  File "env/lib/python3.12/site-packages/pymysql/err.py", line 150, in raise_mysql_exception
    raise errorclass(errno, errval)
      data = b"\xff\x15\x04#28000Access denied for user '_9a54aa6450761df8'@'localhost' (using password: YES)"
      errno = 1045
      errval = "Access denied for user '_9a54aa6450761df8'@'localhost' (using password: YES)"
      errorclass = <class 'pymysql.err.OperationalError'>
pymysql.err.OperationalError: (1045, "Access denied for user '_9a54aa6450761df8'@'localhost' (using password: YES)")
set -o pipefail; /usr/bin/mariadb-dump --user=_3459fc20e3de2b0c --host=127.0.0.1 --port=3306 --password=********** --single-transaction --quick --lock-tables=false _3459fc20e3de2b0c | /usr/bin/gzip >> ./alumnimgmt.localhost/private/backups/20250430_180003-alumnimgmt_localhost-database.sql.gz

Backup Summary for alumnimgmt.localhost at 2025-04-30 18:00:03.818564
Config  : /home/pearl/alumnimgmtsystem/sites/alumnimgmt.localhost/private/backups/20250430_180003-alumnimgmt_localhost-site_config_backup.json 173.0B
Database: /home/pearl/alumnimgmtsystem/sites/alumnimgmt.localhost/private/backups/20250430_180003-alumnimgmt_localhost-database.sql.gz 526.3KiB
Backup for Site alumnimgmt.localhost has been successfully completed
Backup failed for Site library.localhost. Database or site_config.json may be corrupted
Traceback with variables (most recent call last):
  File "apps/frappe/frappe/commands/site.py", line 865, in backup
    odb = scheduled_backup(
      context = CliCtxObj(sites=['alumnimgmt.localhost', 'library.localhost'], force=False, profile=False, verbose=True)
      with_files = False
      backup_path = None
      backup_path_db = None
      backup_path_files = None
      backup_path_private_files = None
      backup_path_conf = None
      ignore_backup_conf = False
      verbose = True
      compress = False
      include = ''
      exclude = ''
      old_backup_metadata = False
      scheduled_backup = <function scheduled_backup at 0x7ea272c03880>
      exit_code = 0
      rollback_callback = None
      site = 'library.localhost'
      odb = <frappe.utils.backups.BackupGenerator object at 0x7ea271f5be00>
  File "apps/frappe/frappe/utils/backups.py", line 589, in scheduled_backup
    return new_backup(
      older_than = 6
      ignore_files = True
      backup_path = None
      backup_path_db = None
      backup_path_files = None
      backup_path_private_files = None
      backup_path_conf = None
      ignore_conf = False
      include_doctypes = ''
      exclude_doctypes = ''
      compress = False
      force = True
      verbose = True
      old_backup_metadata = False
      rollback_callback = <frappe.utils.CallbackManager object at 0x7ea2718d5420>
  File "apps/frappe/frappe/utils/backups.py", line 626, in new_backup
    odb = BackupGenerator(
      older_than = 6
      ignore_files = True
      backup_path = None
      backup_path_db = None
      backup_path_files = None
      backup_path_private_files = None
      backup_path_conf = None
      ignore_conf = False
      include_doctypes = ''
      exclude_doctypes = ''
      compress = False
      force = True
      verbose = True
      old_backup_metadata = False
      rollback_callback = <frappe.utils.CallbackManager object at 0x7ea2718d5420>
  File "apps/frappe/frappe/utils/backups.py", line 89, in __init__
    self.setup_backup_tables()
      self = <frappe.utils.backups.BackupGenerator object at 0x7ea271e23d10>
      db_name = '_9a54aa6450761df8'
      user = '_9a54aa6450761df8'
      password = ********
      backup_path = None
      backup_path_db = None
      backup_path_files = None
      backup_path_private_files = None
      db_socket = None
      db_host = '127.0.0.1'
      db_port = 3306
      db_type = 'mariadb'
      backup_path_conf = None
      ignore_conf = False
      compress_files = False
      include_doctypes = ''
      exclude_doctypes = ''
      verbose = True
      old_backup_metadata = False
      rollback_callback = <frappe.utils.CallbackManager object at 0x7ea2718d5420>
      site = 'library.localhost'
  File "apps/frappe/frappe/utils/backups.py", line 126, in setup_backup_tables
    self._set_existing_tables()
      self = <frappe.utils.backups.BackupGenerator object at 0x7ea271e23d10>
  File "apps/frappe/frappe/utils/backups.py", line 122, in _set_existing_tables
    self._existing_tables = frappe.db.get_tables()
      self = <frappe.utils.backups.BackupGenerator object at 0x7ea271e23d10>
  File "apps/frappe/frappe/database/mariadb/database.py", line 485, in get_tables
    .run(pluck=True)
      self = <frappe.database.mariadb.database.MariaDBDatabase object at 0x7ea2718d7a10>
      cached = True
      to_query = True
      tables = None
      information_schema = <pypika.queries.Schema object at 0x7ea271e23e30>
  File "apps/frappe/frappe/query_builder/utils.py", line 80, in execute_query
    result = frappe.db.sql(query, params, *args, **kwargs)  # nosemgrep
      query = 'SELECT `table_name` FROM `information_schema`.`tables` WHERE `table_schema`=%(param1)s'
      args = ()
      kwargs = {'pluck': True}
      child_queries = []
      params = {'param1': '_9a54aa6450761df8'}
  File "apps/frappe/frappe/database/database.py", line 237, in sql
    self.connect()
      self = <frappe.database.mariadb.database.MariaDBDatabase object at 0x7ea2718d7a10>
      query = 'SELECT `table_name` FROM `information_schema`.`tables` WHERE `table_schema`=%(param1)s'
      values = {'param1': '_9a54aa6450761df8'}
      as_dict = 0
      as_list = 0
      debug = False
      ignore_ddl = 0
      auto_commit = 0
      update = None
      explain = False
      run = True
      pluck = True
      as_iterator = False
      query_type = 'select'
  File "apps/frappe/frappe/database/database.py", line 135, in connect
    self.get_connection()
      self = <frappe.database.mariadb.database.MariaDBDatabase object at 0x7ea2718d7a10>
  File "apps/frappe/frappe/database/mariadb/database.py", line 105, in get_connection
    conn = self._get_connection()
      self = <frappe.database.mariadb.database.MariaDBDatabase object at 0x7ea2718d7a10>
  File "apps/frappe/frappe/database/mariadb/database.py", line 111, in _get_connection
    return self.create_connection()
      self = <frappe.database.mariadb.database.MariaDBDatabase object at 0x7ea2718d7a10>
  File "apps/frappe/frappe/database/mariadb/database.py", line 114, in create_connection
    return pymysql.connect(**self.get_connection_settings())
      self = <frappe.database.mariadb.database.MariaDBDatabase object at 0x7ea2718d7a10>
  File "env/lib/python3.12/site-packages/pymysql/connections.py", line 361, in __init__
    self.connect()
      self = <pymysql.connections.Connection object at 0x7ea271c14cb0>
      user = '_9a54aa6450761df8'
      password = ********
      host = '127.0.0.1'
      database = '_9a54aa6450761df8'
      unix_socket = None
      port = 3306
      charset = 'utf8mb4'
      collation = 'utf8mb4_unicode_ci'
      sql_mode = None
      read_default_file = None
      conv = {<class 'bool'>: <function escape_bool at 0x7ea272a89120>, <class 'int'>: <function escape_int at 0x7ea272a891c0>, <class 'float'>: <function escape_float at 0x7ea272a89260>, <class 'str'>: <function escape_str at 0x7ea272a894e0>, <class 'bytes'>: <function escape_bytes at 0x7ea272a89440>, <class 'tuple'>: <function escape_sequence at 0x7ea272a88fe0>, <class 'list'>: <function escape_sequence at 0x7ea272a88fe0>, <class 'set'>: <function escape_sequence at 0x7ea272a88fe0>, <class 'frozenset'>: <function escape_sequence at 0x7ea272a88fe0>, <class 'dict'>: <function escape_dict at 0x7ea272a88f40>, <class 'NoneType'>: <function escape_None at 0x7ea272a89580>, <class 'datetime.date'>: <function escape_date at 0x7ea272a89800>, <class 'datetime.datetime'>: <function escape_datetime at 0x7ea272a89760>, <class 'datetime.timedelta'>: <function escape_timedelta at 0x7ea272a89620>, <class 'datetime.time'>: <function escape_time at 0x7ea272a896c0>, <class 'time.struct_time'>: <function escape_struc...
      use_unicode = True
      client_flag = 3842573
      cursorclass = <class 'pymysql.cursors.Cursor'>
      init_command = None
      connect_timeout = 10
      read_default_group = None
      autocommit = False
      local_infile = False
      max_allowed_packet = 16777216
      defer_connect = False
      auth_plugin_map = None
      read_timeout = None
      write_timeout = None
      bind_address = None
      binary_prefix = False
      program_name = None
      server_public_key = ********
      ssl = None
      ssl_ca = None
      ssl_cert = None
      ssl_disabled = None
      ssl_key = ********
      ssl_key_password = ********
      ssl_verify_cert = None
      ssl_verify_identity = None
      compress = None
      named_pipe = None
      passwd = ********
      db = None
  File "env/lib/python3.12/site-packages/pymysql/connections.py", line 669, in connect
    self._request_authentication()
      self = <pymysql.connections.Connection object at 0x7ea271c14cb0>
      sock = <socket.socket [closed] fd=-1, family=2, type=1, proto=6>
      kwargs = {}
  File "env/lib/python3.12/site-packages/pymysql/connections.py", line 957, in _request_authentication
    auth_packet = self._read_packet()
      self = <pymysql.connections.Connection object at 0x7ea271c14cb0>
      charset_id = 45
      data_init = b'\r\xa2:\x00\xff\xff\xff\x00-\x00\x00\x00\x00\x00\x00\x00\x00\x00\x00\x00\x00\x00\x00\x00\x00\x00\x00\x00\x00\x00\x00\x00'
      data = b'\r\xa2:\x00\xff\xff\xff\x00-\x00\x00\x00\x00\x00\x00\x00\x00\x00\x00\x00\x00\x00\x00\x00\x00\x00\x00\x00\x00\x00\x00\x00_9a54aa6450761df8\x00\x14O\x0c$N\xc7)T\x93\x1b\x895\xf3,\xc2\xb8\xee\xb9\x95\xd5\x93_9a54aa6450761df8\x00mysql_native_password\x005\x0c_client_name\x07pymysql\x0f_client_version\x051.1.1\x04_pid\x045265'
      authresp = b'O\x0c$N\xc7)T\x93\x1b\x895\xf3,\xc2\xb8\xee\xb9\x95\xd5\x93'
      plugin_name = b'mysql_native_password'
      connect_attrs = b'\x0c_client_name\x07pymysql\x0f_client_version\x051.1.1\x04_pid\x045265'
      k = b'_pid'
      v = b'5265'
  File "env/lib/python3.12/site-packages/pymysql/connections.py", line 775, in _read_packet
    packet.raise_for_error()
      self = <pymysql.connections.Connection object at 0x7ea271c14cb0>
      packet_type = <class 'pymysql.protocol.MysqlPacket'>
      buff = bytearray(b"\xff\x15\x04#28000Access denied for user \'_9a54aa6450761df8\'@\'localhost\' (using password: YES)")
      packet_header = b'U\x00\x00\x02'
      btrl = 85
      btrh = 0
      packet_number = 2
      bytes_to_read = 85
      recv_data = b"\xff\x15\x04#28000Access denied for user '_9a54aa6450761df8'@'localhost' (using password: YES)"
      packet = <pymysql.protocol.MysqlPacket object at 0x7ea271f5bc70>
  File "env/lib/python3.12/site-packages/pymysql/protocol.py", line 219, in raise_for_error
    err.raise_mysql_exception(self._data)
      self = <pymysql.protocol.MysqlPacket object at 0x7ea271f5bc70>
      errno = 1045
  File "env/lib/python3.12/site-packages/pymysql/err.py", line 150, in raise_mysql_exception
    raise errorclass(errno, errval)
      data = b"\xff\x15\x04#28000Access denied for user '_9a54aa6450761df8'@'localhost' (using password: YES)"
      errno = 1045
      errval = "Access denied for user '_9a54aa6450761df8'@'localhost' (using password: YES)"
      errorclass = <class 'pymysql.err.OperationalError'>
pymysql.err.OperationalError: (1045, "Access denied for user '_9a54aa6450761df8'@'localhost' (using password: YES)")
set -o pipefail; /usr/bin/mariadb-dump --user=_3459fc20e3de2b0c --host=127.0.0.1 --port=3306 --password=********** --single-transaction --quick --lock-tables=false _3459fc20e3de2b0c | /usr/bin/gzip >> ./alumnimgmt.localhost/private/backups/20250501_120004-alumnimgmt_localhost-database.sql.gz

Backup Summary for alumnimgmt.localhost at 2025-05-01 12:00:05.146163
Config  : /home/pearl/alumnimgmtsystem/sites/alumnimgmt.localhost/private/backups/20250501_120004-alumnimgmt_localhost-site_config_backup.json 173.0B
Database: /home/pearl/alumnimgmtsystem/sites/alumnimgmt.localhost/private/backups/20250501_120004-alumnimgmt_localhost-database.sql.gz 526.3KiB
Backup for Site alumnimgmt.localhost has been successfully completed
Backup failed for Site library.localhost. Database or site_config.json may be corrupted
Traceback with variables (most recent call last):
  File "apps/frappe/frappe/commands/site.py", line 865, in backup
    odb = scheduled_backup(
      context = CliCtxObj(sites=['alumnimgmt.localhost', 'library.localhost'], force=False, profile=False, verbose=True)
      with_files = False
      backup_path = None
      backup_path_db = None
      backup_path_files = None
      backup_path_private_files = None
      backup_path_conf = None
      ignore_backup_conf = False
      verbose = True
      compress = False
      include = ''
      exclude = ''
      old_backup_metadata = False
      scheduled_backup = <function scheduled_backup at 0x7fb50d737880>
      exit_code = 0
      rollback_callback = None
      site = 'library.localhost'
      odb = <frappe.utils.backups.BackupGenerator object at 0x7fb50d820860>
  File "apps/frappe/frappe/utils/backups.py", line 589, in scheduled_backup
    return new_backup(
      older_than = 6
      ignore_files = True
      backup_path = None
      backup_path_db = None
      backup_path_files = None
      backup_path_private_files = None
      backup_path_conf = None
      ignore_conf = False
      include_doctypes = ''
      exclude_doctypes = ''
      compress = False
      force = True
      verbose = True
      old_backup_metadata = False
      rollback_callback = <frappe.utils.CallbackManager object at 0x7fb50cb50520>
  File "apps/frappe/frappe/utils/backups.py", line 626, in new_backup
    odb = BackupGenerator(
      older_than = 6
      ignore_files = True
      backup_path = None
      backup_path_db = None
      backup_path_files = None
      backup_path_private_files = None
      backup_path_conf = None
      ignore_conf = False
      include_doctypes = ''
      exclude_doctypes = ''
      compress = False
      force = True
      verbose = True
      old_backup_metadata = False
      rollback_callback = <frappe.utils.CallbackManager object at 0x7fb50cb50520>
  File "apps/frappe/frappe/utils/backups.py", line 89, in __init__
    self.setup_backup_tables()
      self = <frappe.utils.backups.BackupGenerator object at 0x7fb50cb50350>
      db_name = '_9a54aa6450761df8'
      user = '_9a54aa6450761df8'
      password = ********
      backup_path = None
      backup_path_db = None
      backup_path_files = None
      backup_path_private_files = None
      db_socket = None
      db_host = '127.0.0.1'
      db_port = 3306
      db_type = 'mariadb'
      backup_path_conf = None
      ignore_conf = False
      compress_files = False
      include_doctypes = ''
      exclude_doctypes = ''
      verbose = True
      old_backup_metadata = False
      rollback_callback = <frappe.utils.CallbackManager object at 0x7fb50cb50520>
      site = 'library.localhost'
  File "apps/frappe/frappe/utils/backups.py", line 126, in setup_backup_tables
    self._set_existing_tables()
      self = <frappe.utils.backups.BackupGenerator object at 0x7fb50cb50350>
  File "apps/frappe/frappe/utils/backups.py", line 122, in _set_existing_tables
    self._existing_tables = frappe.db.get_tables()
      self = <frappe.utils.backups.BackupGenerator object at 0x7fb50cb50350>
  File "apps/frappe/frappe/database/mariadb/database.py", line 485, in get_tables
    .run(pluck=True)
      self = <frappe.database.mariadb.database.MariaDBDatabase object at 0x7fb50c4a0380>
      cached = True
      to_query = True
      tables = None
      information_schema = <pypika.queries.Schema object at 0x7fb50c5c7890>
  File "apps/frappe/frappe/query_builder/utils.py", line 80, in execute_query
    result = frappe.db.sql(query, params, *args, **kwargs)  # nosemgrep
      query = 'SELECT `table_name` FROM `information_schema`.`tables` WHERE `table_schema`=%(param1)s'
      args = ()
      kwargs = {'pluck': True}
      child_queries = []
      params = {'param1': '_9a54aa6450761df8'}
  File "apps/frappe/frappe/database/database.py", line 237, in sql
    self.connect()
      self = <frappe.database.mariadb.database.MariaDBDatabase object at 0x7fb50c4a0380>
      query = 'SELECT `table_name` FROM `information_schema`.`tables` WHERE `table_schema`=%(param1)s'
      values = {'param1': '_9a54aa6450761df8'}
      as_dict = 0
      as_list = 0
      debug = False
      ignore_ddl = 0
      auto_commit = 0
      update = None
      explain = False
      run = True
      pluck = True
      as_iterator = False
      query_type = 'select'
  File "apps/frappe/frappe/database/database.py", line 135, in connect
    self.get_connection()
      self = <frappe.database.mariadb.database.MariaDBDatabase object at 0x7fb50c4a0380>
  File "apps/frappe/frappe/database/mariadb/database.py", line 105, in get_connection
    conn = self._get_connection()
      self = <frappe.database.mariadb.database.MariaDBDatabase object at 0x7fb50c4a0380>
  File "apps/frappe/frappe/database/mariadb/database.py", line 111, in _get_connection
    return self.create_connection()
      self = <frappe.database.mariadb.database.MariaDBDatabase object at 0x7fb50c4a0380>
  File "apps/frappe/frappe/database/mariadb/database.py", line 114, in create_connection
    return pymysql.connect(**self.get_connection_settings())
      self = <frappe.database.mariadb.database.MariaDBDatabase object at 0x7fb50c4a0380>
  File "env/lib/python3.12/site-packages/pymysql/connections.py", line 361, in __init__
    self.connect()
      self = <pymysql.connections.Connection object at 0x7fb50c5c6ae0>
      user = '_9a54aa6450761df8'
      password = ********
      host = '127.0.0.1'
      database = '_9a54aa6450761df8'
      unix_socket = None
      port = 3306
      charset = 'utf8mb4'
      collation = 'utf8mb4_unicode_ci'
      sql_mode = None
      read_default_file = None
      conv = {<class 'bool'>: <function escape_bool at 0x7fb50d5f9120>, <class 'int'>: <function escape_int at 0x7fb50d5f91c0>, <class 'float'>: <function escape_float at 0x7fb50d5f9260>, <class 'str'>: <function escape_str at 0x7fb50d5f94e0>, <class 'bytes'>: <function escape_bytes at 0x7fb50d5f9440>, <class 'tuple'>: <function escape_sequence at 0x7fb50d5f8fe0>, <class 'list'>: <function escape_sequence at 0x7fb50d5f8fe0>, <class 'set'>: <function escape_sequence at 0x7fb50d5f8fe0>, <class 'frozenset'>: <function escape_sequence at 0x7fb50d5f8fe0>, <class 'dict'>: <function escape_dict at 0x7fb50d5f8f40>, <class 'NoneType'>: <function escape_None at 0x7fb50d5f9580>, <class 'datetime.date'>: <function escape_date at 0x7fb50d5f9800>, <class 'datetime.datetime'>: <function escape_datetime at 0x7fb50d5f9760>, <class 'datetime.timedelta'>: <function escape_timedelta at 0x7fb50d5f9620>, <class 'datetime.time'>: <function escape_time at 0x7fb50d5f96c0>, <class 'time.struct_time'>: <function escape_struc...
      use_unicode = True
      client_flag = 3842573
      cursorclass = <class 'pymysql.cursors.Cursor'>
      init_command = None
      connect_timeout = 10
      read_default_group = None
      autocommit = False
      local_infile = False
      max_allowed_packet = 16777216
      defer_connect = False
      auth_plugin_map = None
      read_timeout = None
      write_timeout = None
      bind_address = None
      binary_prefix = False
      program_name = None
      server_public_key = ********
      ssl = None
      ssl_ca = None
      ssl_cert = None
      ssl_disabled = None
      ssl_key = ********
      ssl_key_password = ********
      ssl_verify_cert = None
      ssl_verify_identity = None
      compress = None
      named_pipe = None
      passwd = ********
      db = None
  File "env/lib/python3.12/site-packages/pymysql/connections.py", line 669, in connect
    self._request_authentication()
      self = <pymysql.connections.Connection object at 0x7fb50c5c6ae0>
      sock = <socket.socket [closed] fd=-1, family=2, type=1, proto=6>
      kwargs = {}
  File "env/lib/python3.12/site-packages/pymysql/connections.py", line 957, in _request_authentication
    auth_packet = self._read_packet()
      self = <pymysql.connections.Connection object at 0x7fb50c5c6ae0>
      charset_id = 45
      data_init = b'\r\xa2:\x00\xff\xff\xff\x00-\x00\x00\x00\x00\x00\x00\x00\x00\x00\x00\x00\x00\x00\x00\x00\x00\x00\x00\x00\x00\x00\x00\x00'
      data = b'\r\xa2:\x00\xff\xff\xff\x00-\x00\x00\x00\x00\x00\x00\x00\x00\x00\x00\x00\x00\x00\x00\x00\x00\x00\x00\x00\x00\x00\x00\x00_9a54aa6450761df8\x00\x14\x19\x95\xb4>\xd1\x17\x87Z\xd9cL\xfd\xadea9F\x9d!o_9a54aa6450761df8\x00mysql_native_password\x005\x0c_client_name\x07pymysql\x0f_client_version\x051.1.1\x04_pid\x049240'
      authresp = b'\x19\x95\xb4>\xd1\x17\x87Z\xd9cL\xfd\xadea9F\x9d!o'
      plugin_name = b'mysql_native_password'
      connect_attrs = b'\x0c_client_name\x07pymysql\x0f_client_version\x051.1.1\x04_pid\x049240'
      k = b'_pid'
      v = b'9240'
  File "env/lib/python3.12/site-packages/pymysql/connections.py", line 775, in _read_packet
    packet.raise_for_error()
      self = <pymysql.connections.Connection object at 0x7fb50c5c6ae0>
      packet_type = <class 'pymysql.protocol.MysqlPacket'>
      buff = bytearray(b"\xff\x15\x04#28000Access denied for user \'_9a54aa6450761df8\'@\'localhost\' (using password: YES)")
      packet_header = b'U\x00\x00\x02'
      btrl = 85
      btrh = 0
      packet_number = 2
      bytes_to_read = 85
      recv_data = b"\xff\x15\x04#28000Access denied for user '_9a54aa6450761df8'@'localhost' (using password: YES)"
      packet = <pymysql.protocol.MysqlPacket object at 0x7fb50c5c6aa0>
  File "env/lib/python3.12/site-packages/pymysql/protocol.py", line 219, in raise_for_error
    err.raise_mysql_exception(self._data)
      self = <pymysql.protocol.MysqlPacket object at 0x7fb50c5c6aa0>
      errno = 1045
  File "env/lib/python3.12/site-packages/pymysql/err.py", line 150, in raise_mysql_exception
    raise errorclass(errno, errval)
      data = b"\xff\x15\x04#28000Access denied for user '_9a54aa6450761df8'@'localhost' (using password: YES)"
      errno = 1045
      errval = "Access denied for user '_9a54aa6450761df8'@'localhost' (using password: YES)"
      errorclass = <class 'pymysql.err.OperationalError'>
pymysql.err.OperationalError: (1045, "Access denied for user '_9a54aa6450761df8'@'localhost' (using password: YES)")
set -o pipefail; /usr/bin/mariadb-dump --user=_3459fc20e3de2b0c --host=127.0.0.1 --port=3306 --password=********** --single-transaction --quick --lock-tables=false _3459fc20e3de2b0c | /usr/bin/gzip >> ./alumnimgmt.localhost/private/backups/20250501_180003-alumnimgmt_localhost-database.sql.gz

Backup Summary for alumnimgmt.localhost at 2025-05-01 18:00:05.045924
Config  : /home/pearl/alumnimgmtsystem/sites/alumnimgmt.localhost/private/backups/20250501_180003-alumnimgmt_localhost-site_config_backup.json 173.0B
Database: /home/pearl/alumnimgmtsystem/sites/alumnimgmt.localhost/private/backups/20250501_180003-alumnimgmt_localhost-database.sql.gz 526.3KiB
Backup for Site alumnimgmt.localhost has been successfully completed
Backup failed for Site library.localhost. Database or site_config.json may be corrupted
Traceback with variables (most recent call last):
  File "apps/frappe/frappe/commands/site.py", line 865, in backup
    odb = scheduled_backup(
      context = CliCtxObj(sites=['alumnimgmt.localhost', 'library.localhost'], force=False, profile=False, verbose=True)
      with_files = False
      backup_path = None
      backup_path_db = None
      backup_path_files = None
      backup_path_private_files = None
      backup_path_conf = None
      ignore_backup_conf = False
      verbose = True
      compress = False
      include = ''
      exclude = ''
      old_backup_metadata = False
      scheduled_backup = <function scheduled_backup at 0x7ee4bbc47880>
      exit_code = 0
      rollback_callback = None
      site = 'library.localhost'
      odb = <frappe.utils.backups.BackupGenerator object at 0x7ee4bb00caa0>
  File "apps/frappe/frappe/utils/backups.py", line 589, in scheduled_backup
    return new_backup(
      older_than = 6
      ignore_files = True
      backup_path = None
      backup_path_db = None
      backup_path_files = None
      backup_path_private_files = None
      backup_path_conf = None
      ignore_conf = False
      include_doctypes = ''
      exclude_doctypes = ''
      compress = False
      force = True
      verbose = True
      old_backup_metadata = False
      rollback_callback = <frappe.utils.CallbackManager object at 0x7ee4bdbaf5e0>
  File "apps/frappe/frappe/utils/backups.py", line 626, in new_backup
    odb = BackupGenerator(
      older_than = 6
      ignore_files = True
      backup_path = None
      backup_path_db = None
      backup_path_files = None
      backup_path_private_files = None
      backup_path_conf = None
      ignore_conf = False
      include_doctypes = ''
      exclude_doctypes = ''
      compress = False
      force = True
      verbose = True
      old_backup_metadata = False
      rollback_callback = <frappe.utils.CallbackManager object at 0x7ee4bdbaf5e0>
  File "apps/frappe/frappe/utils/backups.py", line 89, in __init__
    self.setup_backup_tables()
      self = <frappe.utils.backups.BackupGenerator object at 0x7ee4bab897f0>
      db_name = '_9a54aa6450761df8'
      user = '_9a54aa6450761df8'
      password = ********
      backup_path = None
      backup_path_db = None
      backup_path_files = None
      backup_path_private_files = None
      db_socket = None
      db_host = '127.0.0.1'
      db_port = 3306
      db_type = 'mariadb'
      backup_path_conf = None
      ignore_conf = False
      compress_files = False
      include_doctypes = ''
      exclude_doctypes = ''
      verbose = True
      old_backup_metadata = False
      rollback_callback = <frappe.utils.CallbackManager object at 0x7ee4bdbaf5e0>
      site = 'library.localhost'
  File "apps/frappe/frappe/utils/backups.py", line 126, in setup_backup_tables
    self._set_existing_tables()
      self = <frappe.utils.backups.BackupGenerator object at 0x7ee4bab897f0>
  File "apps/frappe/frappe/utils/backups.py", line 122, in _set_existing_tables
    self._existing_tables = frappe.db.get_tables()
      self = <frappe.utils.backups.BackupGenerator object at 0x7ee4bab897f0>
  File "apps/frappe/frappe/database/mariadb/database.py", line 485, in get_tables
    .run(pluck=True)
      self = <frappe.database.mariadb.database.MariaDBDatabase object at 0x7ee4baf47f80>
      cached = True
      to_query = True
      tables = None
      information_schema = <pypika.queries.Schema object at 0x7ee4bb0fbc20>
  File "apps/frappe/frappe/query_builder/utils.py", line 80, in execute_query
    result = frappe.db.sql(query, params, *args, **kwargs)  # nosemgrep
      query = 'SELECT `table_name` FROM `information_schema`.`tables` WHERE `table_schema`=%(param1)s'
      args = ()
      kwargs = {'pluck': True}
      child_queries = []
      params = {'param1': '_9a54aa6450761df8'}
  File "apps/frappe/frappe/database/database.py", line 237, in sql
    self.connect()
      self = <frappe.database.mariadb.database.MariaDBDatabase object at 0x7ee4baf47f80>
      query = 'SELECT `table_name` FROM `information_schema`.`tables` WHERE `table_schema`=%(param1)s'
      values = {'param1': '_9a54aa6450761df8'}
      as_dict = 0
      as_list = 0
      debug = False
      ignore_ddl = 0
      auto_commit = 0
      update = None
      explain = False
      run = True
      pluck = True
      as_iterator = False
      query_type = 'select'
  File "apps/frappe/frappe/database/database.py", line 135, in connect
    self.get_connection()
      self = <frappe.database.mariadb.database.MariaDBDatabase object at 0x7ee4baf47f80>
  File "apps/frappe/frappe/database/mariadb/database.py", line 105, in get_connection
    conn = self._get_connection()
      self = <frappe.database.mariadb.database.MariaDBDatabase object at 0x7ee4baf47f80>
  File "apps/frappe/frappe/database/mariadb/database.py", line 111, in _get_connection
    return self.create_connection()
      self = <frappe.database.mariadb.database.MariaDBDatabase object at 0x7ee4baf47f80>
  File "apps/frappe/frappe/database/mariadb/database.py", line 114, in create_connection
    return pymysql.connect(**self.get_connection_settings())
      self = <frappe.database.mariadb.database.MariaDBDatabase object at 0x7ee4baf47f80>
  File "env/lib/python3.12/site-packages/pymysql/connections.py", line 361, in __init__
    self.connect()
      self = <pymysql.connections.Connection object at 0x7ee4bb0fb860>
      user = '_9a54aa6450761df8'
      password = ********
      host = '127.0.0.1'
      database = '_9a54aa6450761df8'
      unix_socket = None
      port = 3306
      charset = 'utf8mb4'
      collation = 'utf8mb4_unicode_ci'
      sql_mode = None
      read_default_file = None
      conv = {<class 'bool'>: <function escape_bool at 0x7ee4bb189120>, <class 'int'>: <function escape_int at 0x7ee4bb1891c0>, <class 'float'>: <function escape_float at 0x7ee4bb189260>, <class 'str'>: <function escape_str at 0x7ee4bb1894e0>, <class 'bytes'>: <function escape_bytes at 0x7ee4bb189440>, <class 'tuple'>: <function escape_sequence at 0x7ee4bb188fe0>, <class 'list'>: <function escape_sequence at 0x7ee4bb188fe0>, <class 'set'>: <function escape_sequence at 0x7ee4bb188fe0>, <class 'frozenset'>: <function escape_sequence at 0x7ee4bb188fe0>, <class 'dict'>: <function escape_dict at 0x7ee4bb188f40>, <class 'NoneType'>: <function escape_None at 0x7ee4bb189580>, <class 'datetime.date'>: <function escape_date at 0x7ee4bb189800>, <class 'datetime.datetime'>: <function escape_datetime at 0x7ee4bb189760>, <class 'datetime.timedelta'>: <function escape_timedelta at 0x7ee4bb189620>, <class 'datetime.time'>: <function escape_time at 0x7ee4bb1896c0>, <class 'time.struct_time'>: <function escape_struc...
      use_unicode = True
      client_flag = 3842573
      cursorclass = <class 'pymysql.cursors.Cursor'>
      init_command = None
      connect_timeout = 10
      read_default_group = None
      autocommit = False
      local_infile = False
      max_allowed_packet = 16777216
      defer_connect = False
      auth_plugin_map = None
      read_timeout = None
      write_timeout = None
      bind_address = None
      binary_prefix = False
      program_name = None
      server_public_key = ********
      ssl = None
      ssl_ca = None
      ssl_cert = None
      ssl_disabled = None
      ssl_key = ********
      ssl_key_password = ********
      ssl_verify_cert = None
      ssl_verify_identity = None
      compress = None
      named_pipe = None
      passwd = ********
      db = None
  File "env/lib/python3.12/site-packages/pymysql/connections.py", line 669, in connect
    self._request_authentication()
      self = <pymysql.connections.Connection object at 0x7ee4bb0fb860>
      sock = <socket.socket [closed] fd=-1, family=2, type=1, proto=6>
      kwargs = {}
  File "env/lib/python3.12/site-packages/pymysql/connections.py", line 957, in _request_authentication
    auth_packet = self._read_packet()
      self = <pymysql.connections.Connection object at 0x7ee4bb0fb860>
      charset_id = 45
      data_init = b'\r\xa2:\x00\xff\xff\xff\x00-\x00\x00\x00\x00\x00\x00\x00\x00\x00\x00\x00\x00\x00\x00\x00\x00\x00\x00\x00\x00\x00\x00\x00'
      data = b'\r\xa2:\x00\xff\xff\xff\x00-\x00\x00\x00\x00\x00\x00\x00\x00\x00\x00\x00\x00\x00\x00\x00\x00\x00\x00\x00\x00\x00\x00\x00_9a54aa6450761df8\x00\x14\x15u}\xa5\xa5\x86MC\xbd\xf9\xca\xabr\x08\x03\xb1\x94sJ\\_9a54aa6450761df8\x00mysql_native_password\x005\x0c_client_name\x07pymysql\x0f_client_version\x051.1.1\x04_pid\x047118'
      authresp = b'\x15u}\xa5\xa5\x86MC\xbd\xf9\xca\xabr\x08\x03\xb1\x94sJ\\'
      plugin_name = b'mysql_native_password'
      connect_attrs = b'\x0c_client_name\x07pymysql\x0f_client_version\x051.1.1\x04_pid\x047118'
      k = b'_pid'
      v = b'7118'
  File "env/lib/python3.12/site-packages/pymysql/connections.py", line 775, in _read_packet
    packet.raise_for_error()
      self = <pymysql.connections.Connection object at 0x7ee4bb0fb860>
      packet_type = <class 'pymysql.protocol.MysqlPacket'>
      buff = bytearray(b"\xff\x15\x04#28000Access denied for user \'_9a54aa6450761df8\'@\'localhost\' (using password: YES)")
      packet_header = b'U\x00\x00\x02'
      btrl = 85
      btrh = 0
      packet_number = 2
      bytes_to_read = 85
      recv_data = b"\xff\x15\x04#28000Access denied for user '_9a54aa6450761df8'@'localhost' (using password: YES)"
      packet = <pymysql.protocol.MysqlPacket object at 0x7ee4bb0fbbe0>
  File "env/lib/python3.12/site-packages/pymysql/protocol.py", line 219, in raise_for_error
    err.raise_mysql_exception(self._data)
      self = <pymysql.protocol.MysqlPacket object at 0x7ee4bb0fbbe0>
      errno = 1045
  File "env/lib/python3.12/site-packages/pymysql/err.py", line 150, in raise_mysql_exception
    raise errorclass(errno, errval)
      data = b"\xff\x15\x04#28000Access denied for user '_9a54aa6450761df8'@'localhost' (using password: YES)"
      errno = 1045
      errval = "Access denied for user '_9a54aa6450761df8'@'localhost' (using password: YES)"
      errorclass = <class 'pymysql.err.OperationalError'>
pymysql.err.OperationalError: (1045, "Access denied for user '_9a54aa6450761df8'@'localhost' (using password: YES)")
set -o pipefail; /usr/bin/mariadb-dump --user=_3459fc20e3de2b0c --host=127.0.0.1 --port=3306 --password=********** --single-transaction --quick --lock-tables=false _3459fc20e3de2b0c | /usr/bin/gzip >> ./alumnimgmt.localhost/private/backups/20250502_180002-alumnimgmt_localhost-database.sql.gz

Backup Summary for alumnimgmt.localhost at 2025-05-02 18:00:03.242053
Config  : /home/pearl/alumnimgmtsystem/sites/alumnimgmt.localhost/private/backups/20250502_180002-alumnimgmt_localhost-site_config_backup.json 173.0B
Database: /home/pearl/alumnimgmtsystem/sites/alumnimgmt.localhost/private/backups/20250502_180002-alumnimgmt_localhost-database.sql.gz 542.8KiB
Backup for Site alumnimgmt.localhost has been successfully completed
Backup failed for Site library.localhost. Database or site_config.json may be corrupted
Traceback with variables (most recent call last):
  File "apps/frappe/frappe/commands/site.py", line 865, in backup
    odb = scheduled_backup(
      context = CliCtxObj(sites=['alumnimgmt.localhost', 'library.localhost'], force=False, profile=False, verbose=True)
      with_files = False
      backup_path = None
      backup_path_db = None
      backup_path_files = None
      backup_path_private_files = None
      backup_path_conf = None
      ignore_backup_conf = False
      verbose = True
      compress = False
      include = ''
      exclude = ''
      old_backup_metadata = False
      scheduled_backup = <function scheduled_backup at 0x7daca623b880>
      exit_code = 0
      rollback_callback = None
      site = 'library.localhost'
      odb = <frappe.utils.backups.BackupGenerator object at 0x7daca5610aa0>
  File "apps/frappe/frappe/utils/backups.py", line 589, in scheduled_backup
    return new_backup(
      older_than = 6
      ignore_files = True
      backup_path = None
      backup_path_db = None
      backup_path_files = None
      backup_path_private_files = None
      backup_path_conf = None
      ignore_conf = False
      include_doctypes = ''
      exclude_doctypes = ''
      compress = False
      force = True
      verbose = True
      old_backup_metadata = False
      rollback_callback = <frappe.utils.CallbackManager object at 0x7daca5612a40>
  File "apps/frappe/frappe/utils/backups.py", line 626, in new_backup
    odb = BackupGenerator(
      older_than = 6
      ignore_files = True
      backup_path = None
      backup_path_db = None
      backup_path_files = None
      backup_path_private_files = None
      backup_path_conf = None
      ignore_conf = False
      include_doctypes = ''
      exclude_doctypes = ''
      compress = False
      force = True
      verbose = True
      old_backup_metadata = False
      rollback_callback = <frappe.utils.CallbackManager object at 0x7daca5612a40>
  File "apps/frappe/frappe/utils/backups.py", line 89, in __init__
    self.setup_backup_tables()
      self = <frappe.utils.backups.BackupGenerator object at 0x7daca5612ab0>
      db_name = '_9a54aa6450761df8'
      user = '_9a54aa6450761df8'
      password = ********
      backup_path = None
      backup_path_db = None
      backup_path_files = None
      backup_path_private_files = None
      db_socket = None
      db_host = '127.0.0.1'
      db_port = 3306
      db_type = 'mariadb'
      backup_path_conf = None
      ignore_conf = False
      compress_files = False
      include_doctypes = ''
      exclude_doctypes = ''
      verbose = True
      old_backup_metadata = False
      rollback_callback = <frappe.utils.CallbackManager object at 0x7daca5612a40>
      site = 'library.localhost'
  File "apps/frappe/frappe/utils/backups.py", line 126, in setup_backup_tables
    self._set_existing_tables()
      self = <frappe.utils.backups.BackupGenerator object at 0x7daca5612ab0>
  File "apps/frappe/frappe/utils/backups.py", line 122, in _set_existing_tables
    self._existing_tables = frappe.db.get_tables()
      self = <frappe.utils.backups.BackupGenerator object at 0x7daca5612ab0>
  File "apps/frappe/frappe/database/mariadb/database.py", line 485, in get_tables
    .run(pluck=True)
      self = <frappe.database.mariadb.database.MariaDBDatabase object at 0x7daca6327fe0>
      cached = True
      to_query = True
      tables = None
      information_schema = <pypika.queries.Schema object at 0x7daca5612b40>
  File "apps/frappe/frappe/query_builder/utils.py", line 80, in execute_query
    result = frappe.db.sql(query, params, *args, **kwargs)  # nosemgrep
      query = 'SELECT `table_name` FROM `information_schema`.`tables` WHERE `table_schema`=%(param1)s'
      args = ()
      kwargs = {'pluck': True}
      child_queries = []
      params = {'param1': '_9a54aa6450761df8'}
  File "apps/frappe/frappe/database/database.py", line 237, in sql
    self.connect()
      self = <frappe.database.mariadb.database.MariaDBDatabase object at 0x7daca6327fe0>
      query = 'SELECT `table_name` FROM `information_schema`.`tables` WHERE `table_schema`=%(param1)s'
      values = {'param1': '_9a54aa6450761df8'}
      as_dict = 0
      as_list = 0
      debug = False
      ignore_ddl = 0
      auto_commit = 0
      update = None
      explain = False
      run = True
      pluck = True
      as_iterator = False
      query_type = 'select'
  File "apps/frappe/frappe/database/database.py", line 135, in connect
    self.get_connection()
      self = <frappe.database.mariadb.database.MariaDBDatabase object at 0x7daca6327fe0>
  File "apps/frappe/frappe/database/mariadb/database.py", line 105, in get_connection
    conn = self._get_connection()
      self = <frappe.database.mariadb.database.MariaDBDatabase object at 0x7daca6327fe0>
  File "apps/frappe/frappe/database/mariadb/database.py", line 111, in _get_connection
    return self.create_connection()
      self = <frappe.database.mariadb.database.MariaDBDatabase object at 0x7daca6327fe0>
  File "apps/frappe/frappe/database/mariadb/database.py", line 114, in create_connection
    return pymysql.connect(**self.get_connection_settings())
      self = <frappe.database.mariadb.database.MariaDBDatabase object at 0x7daca6327fe0>
  File "env/lib/python3.12/site-packages/pymysql/connections.py", line 361, in __init__
    self.connect()
      self = <pymysql.connections.Connection object at 0x7daca68502f0>
      user = '_9a54aa6450761df8'
      password = ********
      host = '127.0.0.1'
      database = '_9a54aa6450761df8'
      unix_socket = None
      port = 3306
      charset = 'utf8mb4'
      collation = 'utf8mb4_unicode_ci'
      sql_mode = None
      read_default_file = None
      conv = {<class 'bool'>: <function escape_bool at 0x7daca573d120>, <class 'int'>: <function escape_int at 0x7daca573d1c0>, <class 'float'>: <function escape_float at 0x7daca573d260>, <class 'str'>: <function escape_str at 0x7daca573d4e0>, <class 'bytes'>: <function escape_bytes at 0x7daca573d440>, <class 'tuple'>: <function escape_sequence at 0x7daca573cfe0>, <class 'list'>: <function escape_sequence at 0x7daca573cfe0>, <class 'set'>: <function escape_sequence at 0x7daca573cfe0>, <class 'frozenset'>: <function escape_sequence at 0x7daca573cfe0>, <class 'dict'>: <function escape_dict at 0x7daca573cf40>, <class 'NoneType'>: <function escape_None at 0x7daca573d580>, <class 'datetime.date'>: <function escape_date at 0x7daca573d800>, <class 'datetime.datetime'>: <function escape_datetime at 0x7daca573d760>, <class 'datetime.timedelta'>: <function escape_timedelta at 0x7daca573d620>, <class 'datetime.time'>: <function escape_time at 0x7daca573d6c0>, <class 'time.struct_time'>: <function escape_struc...
      use_unicode = True
      client_flag = 3842573
      cursorclass = <class 'pymysql.cursors.Cursor'>
      init_command = None
      connect_timeout = 10
      read_default_group = None
      autocommit = False
      local_infile = False
      max_allowed_packet = 16777216
      defer_connect = False
      auth_plugin_map = None
      read_timeout = None
      write_timeout = None
      bind_address = None
      binary_prefix = False
      program_name = None
      server_public_key = ********
      ssl = None
      ssl_ca = None
      ssl_cert = None
      ssl_disabled = None
      ssl_key = ********
      ssl_key_password = ********
      ssl_verify_cert = None
      ssl_verify_identity = None
      compress = None
      named_pipe = None
      passwd = ********
      db = None
  File "env/lib/python3.12/site-packages/pymysql/connections.py", line 669, in connect
    self._request_authentication()
      self = <pymysql.connections.Connection object at 0x7daca68502f0>
      sock = <socket.socket [closed] fd=-1, family=2, type=1, proto=6>
      kwargs = {}
  File "env/lib/python3.12/site-packages/pymysql/connections.py", line 957, in _request_authentication
    auth_packet = self._read_packet()
      self = <pymysql.connections.Connection object at 0x7daca68502f0>
      charset_id = 45
      data_init = b'\r\xa2:\x00\xff\xff\xff\x00-\x00\x00\x00\x00\x00\x00\x00\x00\x00\x00\x00\x00\x00\x00\x00\x00\x00\x00\x00\x00\x00\x00\x00'
      data = b'\r\xa2:\x00\xff\xff\xff\x00-\x00\x00\x00\x00\x00\x00\x00\x00\x00\x00\x00\x00\x00\x00\x00\x00\x00\x00\x00\x00\x00\x00\x00_9a54aa6450761df8\x00\x14\x1f\xc2\xbd<\xe6\xaf\x06\x94x+\xa0\x82\xdd\xad\xda\x18\xb5>h\xcb_9a54aa6450761df8\x00mysql_native_password\x006\x0c_client_name\x07pymysql\x0f_client_version\x051.1.1\x04_pid\x0512480'
      authresp = b'\x1f\xc2\xbd<\xe6\xaf\x06\x94x+\xa0\x82\xdd\xad\xda\x18\xb5>h\xcb'
      plugin_name = b'mysql_native_password'
      connect_attrs = b'\x0c_client_name\x07pymysql\x0f_client_version\x051.1.1\x04_pid\x0512480'
      k = b'_pid'
      v = b'12480'
  File "env/lib/python3.12/site-packages/pymysql/connections.py", line 775, in _read_packet
    packet.raise_for_error()
      self = <pymysql.connections.Connection object at 0x7daca68502f0>
      packet_type = <class 'pymysql.protocol.MysqlPacket'>
      buff = bytearray(b"\xff\x15\x04#28000Access denied for user \'_9a54aa6450761df8\'@\'localhost\' (using password: YES)")
      packet_header = b'U\x00\x00\x02'
      btrl = 85
      btrh = 0
      packet_number = 2
      bytes_to_read = 85
      recv_data = b"\xff\x15\x04#28000Access denied for user '_9a54aa6450761df8'@'localhost' (using password: YES)"
      packet = <pymysql.protocol.MysqlPacket object at 0x7daca5612cb0>
  File "env/lib/python3.12/site-packages/pymysql/protocol.py", line 219, in raise_for_error
    err.raise_mysql_exception(self._data)
      self = <pymysql.protocol.MysqlPacket object at 0x7daca5612cb0>
      errno = 1045
  File "env/lib/python3.12/site-packages/pymysql/err.py", line 150, in raise_mysql_exception
    raise errorclass(errno, errval)
      data = b"\xff\x15\x04#28000Access denied for user '_9a54aa6450761df8'@'localhost' (using password: YES)"
      errno = 1045
      errval = "Access denied for user '_9a54aa6450761df8'@'localhost' (using password: YES)"
      errorclass = <class 'pymysql.err.OperationalError'>
pymysql.err.OperationalError: (1045, "Access denied for user '_9a54aa6450761df8'@'localhost' (using password: YES)")
set -o pipefail; /usr/bin/mariadb-dump --user=_3459fc20e3de2b0c --host=127.0.0.1 --port=3306 --password=********** --single-transaction --quick --lock-tables=false _3459fc20e3de2b0c | /usr/bin/gzip >> ./alumnimgmt.localhost/private/backups/20250503_120004-alumnimgmt_localhost-database.sql.gz

Backup Summary for alumnimgmt.localhost at 2025-05-03 12:00:06.144384
Config  : /home/pearl/alumnimgmtsystem/sites/alumnimgmt.localhost/private/backups/20250503_120004-alumnimgmt_localhost-site_config_backup.json 173.0B
Database: /home/pearl/alumnimgmtsystem/sites/alumnimgmt.localhost/private/backups/20250503_120004-alumnimgmt_localhost-database.sql.gz 558.7KiB
Backup for Site alumnimgmt.localhost has been successfully completed
Backup failed for Site library.localhost. Database or site_config.json may be corrupted
Traceback with variables (most recent call last):
  File "apps/frappe/frappe/commands/site.py", line 865, in backup
    odb = scheduled_backup(
      context = CliCtxObj(sites=['alumnimgmt.localhost', 'library.localhost'], force=False, profile=False, verbose=True)
      with_files = False
      backup_path = None
      backup_path_db = None
      backup_path_files = None
      backup_path_private_files = None
      backup_path_conf = None
      ignore_backup_conf = False
      verbose = True
      compress = False
      include = ''
      exclude = ''
      old_backup_metadata = False
      scheduled_backup = <function scheduled_backup at 0x790506003880>
      exit_code = 0
      rollback_callback = None
      site = 'library.localhost'
      odb = <frappe.utils.backups.BackupGenerator object at 0x79050535bf50>
  File "apps/frappe/frappe/utils/backups.py", line 589, in scheduled_backup
    return new_backup(
      older_than = 6
      ignore_files = True
      backup_path = None
      backup_path_db = None
      backup_path_files = None
      backup_path_private_files = None
      backup_path_conf = None
      ignore_conf = False
      include_doctypes = ''
      exclude_doctypes = ''
      compress = False
      force = True
      verbose = True
      old_backup_metadata = False
      rollback_callback = <frappe.utils.CallbackManager object at 0x790505260670>
  File "apps/frappe/frappe/utils/backups.py", line 626, in new_backup
    odb = BackupGenerator(
      older_than = 6
      ignore_files = True
      backup_path = None
      backup_path_db = None
      backup_path_files = None
      backup_path_private_files = None
      backup_path_conf = None
      ignore_conf = False
      include_doctypes = ''
      exclude_doctypes = ''
      compress = False
      force = True
      verbose = True
      old_backup_metadata = False
      rollback_callback = <frappe.utils.CallbackManager object at 0x790505260670>
  File "apps/frappe/frappe/utils/backups.py", line 89, in __init__
    self.setup_backup_tables()
      self = <frappe.utils.backups.BackupGenerator object at 0x790505260ef0>
      db_name = '_9a54aa6450761df8'
      user = '_9a54aa6450761df8'
      password = ********
      backup_path = None
      backup_path_db = None
      backup_path_files = None
      backup_path_private_files = None
      db_socket = None
      db_host = '127.0.0.1'
      db_port = 3306
      db_type = 'mariadb'
      backup_path_conf = None
      ignore_conf = False
      compress_files = False
      include_doctypes = ''
      exclude_doctypes = ''
      verbose = True
      old_backup_metadata = False
      rollback_callback = <frappe.utils.CallbackManager object at 0x790505260670>
      site = 'library.localhost'
  File "apps/frappe/frappe/utils/backups.py", line 126, in setup_backup_tables
    self._set_existing_tables()
      self = <frappe.utils.backups.BackupGenerator object at 0x790505260ef0>
  File "apps/frappe/frappe/utils/backups.py", line 122, in _set_existing_tables
    self._existing_tables = frappe.db.get_tables()
      self = <frappe.utils.backups.BackupGenerator object at 0x790505260ef0>
  File "apps/frappe/frappe/database/mariadb/database.py", line 485, in get_tables
    .run(pluck=True)
      self = <frappe.database.mariadb.database.MariaDBDatabase object at 0x790507ea3680>
      cached = True
      to_query = True
      tables = None
      information_schema = <pypika.queries.Schema object at 0x790504d18170>
  File "apps/frappe/frappe/query_builder/utils.py", line 80, in execute_query
    result = frappe.db.sql(query, params, *args, **kwargs)  # nosemgrep
      query = 'SELECT `table_name` FROM `information_schema`.`tables` WHERE `table_schema`=%(param1)s'
      args = ()
      kwargs = {'pluck': True}
      child_queries = []
      params = {'param1': '_9a54aa6450761df8'}
  File "apps/frappe/frappe/database/database.py", line 237, in sql
    self.connect()
      self = <frappe.database.mariadb.database.MariaDBDatabase object at 0x790507ea3680>
      query = 'SELECT `table_name` FROM `information_schema`.`tables` WHERE `table_schema`=%(param1)s'
      values = {'param1': '_9a54aa6450761df8'}
      as_dict = 0
      as_list = 0
      debug = False
      ignore_ddl = 0
      auto_commit = 0
      update = None
      explain = False
      run = True
      pluck = True
      as_iterator = False
      query_type = 'select'
  File "apps/frappe/frappe/database/database.py", line 135, in connect
    self.get_connection()
      self = <frappe.database.mariadb.database.MariaDBDatabase object at 0x790507ea3680>
  File "apps/frappe/frappe/database/mariadb/database.py", line 105, in get_connection
    conn = self._get_connection()
      self = <frappe.database.mariadb.database.MariaDBDatabase object at 0x790507ea3680>
  File "apps/frappe/frappe/database/mariadb/database.py", line 111, in _get_connection
    return self.create_connection()
      self = <frappe.database.mariadb.database.MariaDBDatabase object at 0x790507ea3680>
  File "apps/frappe/frappe/database/mariadb/database.py", line 114, in create_connection
    return pymysql.connect(**self.get_connection_settings())
      self = <frappe.database.mariadb.database.MariaDBDatabase object at 0x790507ea3680>
  File "env/lib/python3.12/site-packages/pymysql/connections.py", line 361, in __init__
    self.connect()
      self = <pymysql.connections.Connection object at 0x790505273cb0>
      user = '_9a54aa6450761df8'
      password = ********
      host = '127.0.0.1'
      database = '_9a54aa6450761df8'
      unix_socket = None
      port = 3306
      charset = 'utf8mb4'
      collation = 'utf8mb4_unicode_ci'
      sql_mode = None
      read_default_file = None
      conv = {<class 'bool'>: <function escape_bool at 0x790505e89120>, <class 'int'>: <function escape_int at 0x790505e891c0>, <class 'float'>: <function escape_float at 0x790505e89260>, <class 'str'>: <function escape_str at 0x790505e894e0>, <class 'bytes'>: <function escape_bytes at 0x790505e89440>, <class 'tuple'>: <function escape_sequence at 0x790505e88fe0>, <class 'list'>: <function escape_sequence at 0x790505e88fe0>, <class 'set'>: <function escape_sequence at 0x790505e88fe0>, <class 'frozenset'>: <function escape_sequence at 0x790505e88fe0>, <class 'dict'>: <function escape_dict at 0x790505e88f40>, <class 'NoneType'>: <function escape_None at 0x790505e89580>, <class 'datetime.date'>: <function escape_date at 0x790505e89800>, <class 'datetime.datetime'>: <function escape_datetime at 0x790505e89760>, <class 'datetime.timedelta'>: <function escape_timedelta at 0x790505e89620>, <class 'datetime.time'>: <function escape_time at 0x790505e896c0>, <class 'time.struct_time'>: <function escape_struc...
      use_unicode = True
      client_flag = 3842573
      cursorclass = <class 'pymysql.cursors.Cursor'>
      init_command = None
      connect_timeout = 10
      read_default_group = None
      autocommit = False
      local_infile = False
      max_allowed_packet = 16777216
      defer_connect = False
      auth_plugin_map = None
      read_timeout = None
      write_timeout = None
      bind_address = None
      binary_prefix = False
      program_name = None
      server_public_key = ********
      ssl = None
      ssl_ca = None
      ssl_cert = None
      ssl_disabled = None
      ssl_key = ********
      ssl_key_password = ********
      ssl_verify_cert = None
      ssl_verify_identity = None
      compress = None
      named_pipe = None
      passwd = ********
      db = None
  File "env/lib/python3.12/site-packages/pymysql/connections.py", line 669, in connect
    self._request_authentication()
      self = <pymysql.connections.Connection object at 0x790505273cb0>
      sock = <socket.socket [closed] fd=-1, family=2, type=1, proto=6>
      kwargs = {}
  File "env/lib/python3.12/site-packages/pymysql/connections.py", line 957, in _request_authentication
    auth_packet = self._read_packet()
      self = <pymysql.connections.Connection object at 0x790505273cb0>
      charset_id = 45
      data_init = b'\r\xa2:\x00\xff\xff\xff\x00-\x00\x00\x00\x00\x00\x00\x00\x00\x00\x00\x00\x00\x00\x00\x00\x00\x00\x00\x00\x00\x00\x00\x00'
      data = b'\r\xa2:\x00\xff\xff\xff\x00-\x00\x00\x00\x00\x00\x00\x00\x00\x00\x00\x00\x00\x00\x00\x00\x00\x00\x00\x00\x00\x00\x00\x00_9a54aa6450761df8\x00\x14\x899nsx\x90\xcb\xb8\x8e\xd1O\x98y\x1cwa!\x9e\xed\x83_9a54aa6450761df8\x00mysql_native_password\x005\x0c_client_name\x07pymysql\x0f_client_version\x051.1.1\x04_pid\x045689'
      authresp = b'\x899nsx\x90\xcb\xb8\x8e\xd1O\x98y\x1cwa!\x9e\xed\x83'
      plugin_name = b'mysql_native_password'
      connect_attrs = b'\x0c_client_name\x07pymysql\x0f_client_version\x051.1.1\x04_pid\x045689'
      k = b'_pid'
      v = b'5689'
  File "env/lib/python3.12/site-packages/pymysql/connections.py", line 775, in _read_packet
    packet.raise_for_error()
      self = <pymysql.connections.Connection object at 0x790505273cb0>
      packet_type = <class 'pymysql.protocol.MysqlPacket'>
      buff = bytearray(b"\xff\x15\x04#28000Access denied for user \'_9a54aa6450761df8\'@\'localhost\' (using password: YES)")
      packet_header = b'U\x00\x00\x02'
      btrl = 85
      btrh = 0
      packet_number = 2
      bytes_to_read = 85
      recv_data = b"\xff\x15\x04#28000Access denied for user '_9a54aa6450761df8'@'localhost' (using password: YES)"
      packet = <pymysql.protocol.MysqlPacket object at 0x79050538c280>
  File "env/lib/python3.12/site-packages/pymysql/protocol.py", line 219, in raise_for_error
    err.raise_mysql_exception(self._data)
      self = <pymysql.protocol.MysqlPacket object at 0x79050538c280>
      errno = 1045
  File "env/lib/python3.12/site-packages/pymysql/err.py", line 150, in raise_mysql_exception
    raise errorclass(errno, errval)
      data = b"\xff\x15\x04#28000Access denied for user '_9a54aa6450761df8'@'localhost' (using password: YES)"
      errno = 1045
      errval = "Access denied for user '_9a54aa6450761df8'@'localhost' (using password: YES)"
      errorclass = <class 'pymysql.err.OperationalError'>
pymysql.err.OperationalError: (1045, "Access denied for user '_9a54aa6450761df8'@'localhost' (using password: YES)")
set -o pipefail; /usr/bin/mariadb-dump --user=_3459fc20e3de2b0c --host=127.0.0.1 --port=3306 --password=********** --single-transaction --quick --lock-tables=false _3459fc20e3de2b0c | /usr/bin/gzip >> ./alumnimgmt.localhost/private/backups/20250503_180004-alumnimgmt_localhost-database.sql.gz

Backup Summary for alumnimgmt.localhost at 2025-05-03 18:00:05.564994
Config  : /home/pearl/alumnimgmtsystem/sites/alumnimgmt.localhost/private/backups/20250503_180004-alumnimgmt_localhost-site_config_backup.json 173.0B
Database: /home/pearl/alumnimgmtsystem/sites/alumnimgmt.localhost/private/backups/20250503_180004-alumnimgmt_localhost-database.sql.gz 558.7KiB
Backup for Site alumnimgmt.localhost has been successfully completed
Backup failed for Site library.localhost. Database or site_config.json may be corrupted
Traceback with variables (most recent call last):
  File "apps/frappe/frappe/commands/site.py", line 865, in backup
    odb = scheduled_backup(
      context = CliCtxObj(sites=['alumnimgmt.localhost', 'library.localhost'], force=False, profile=False, verbose=True)
      with_files = False
      backup_path = None
      backup_path_db = None
      backup_path_files = None
      backup_path_private_files = None
      backup_path_conf = None
      ignore_backup_conf = False
      verbose = True
      compress = False
      include = ''
      exclude = ''
      old_backup_metadata = False
      scheduled_backup = <function scheduled_backup at 0x7fa29e10b880>
      exit_code = 0
      rollback_callback = None
      site = 'library.localhost'
      odb = <frappe.utils.backups.BackupGenerator object at 0x7fa29d45fd40>
  File "apps/frappe/frappe/utils/backups.py", line 589, in scheduled_backup
    return new_backup(
      older_than = 6
      ignore_files = True
      backup_path = None
      backup_path_db = None
      backup_path_files = None
      backup_path_private_files = None
      backup_path_conf = None
      ignore_conf = False
      include_doctypes = ''
      exclude_doctypes = ''
      compress = False
      force = True
      verbose = True
      old_backup_metadata = False
      rollback_callback = <frappe.utils.CallbackManager object at 0x7fa29c72bd60>
  File "apps/frappe/frappe/utils/backups.py", line 626, in new_backup
    odb = BackupGenerator(
      older_than = 6
      ignore_files = True
      backup_path = None
      backup_path_db = None
      backup_path_files = None
      backup_path_private_files = None
      backup_path_conf = None
      ignore_conf = False
      include_doctypes = ''
      exclude_doctypes = ''
      compress = False
      force = True
      verbose = True
      old_backup_metadata = False
      rollback_callback = <frappe.utils.CallbackManager object at 0x7fa29c72bd60>
  File "apps/frappe/frappe/utils/backups.py", line 89, in __init__
    self.setup_backup_tables()
      self = <frappe.utils.backups.BackupGenerator object at 0x7fa29c72a660>
      db_name = '_9a54aa6450761df8'
      user = '_9a54aa6450761df8'
      password = ********
      backup_path = None
      backup_path_db = None
      backup_path_files = None
      backup_path_private_files = None
      db_socket = None
      db_host = '127.0.0.1'
      db_port = 3306
      db_type = 'mariadb'
      backup_path_conf = None
      ignore_conf = False
      compress_files = False
      include_doctypes = ''
      exclude_doctypes = ''
      verbose = True
      old_backup_metadata = False
      rollback_callback = <frappe.utils.CallbackManager object at 0x7fa29c72bd60>
      site = 'library.localhost'
  File "apps/frappe/frappe/utils/backups.py", line 126, in setup_backup_tables
    self._set_existing_tables()
      self = <frappe.utils.backups.BackupGenerator object at 0x7fa29c72a660>
  File "apps/frappe/frappe/utils/backups.py", line 122, in _set_existing_tables
    self._existing_tables = frappe.db.get_tables()
      self = <frappe.utils.backups.BackupGenerator object at 0x7fa29c72a660>
  File "apps/frappe/frappe/database/mariadb/database.py", line 485, in get_tables
    .run(pluck=True)
      self = <frappe.database.mariadb.database.MariaDBDatabase object at 0x7fa29cf3a630>
      cached = True
      to_query = True
      tables = None
      information_schema = <pypika.queries.Schema object at 0x7fa29d32b0e0>
  File "apps/frappe/frappe/query_builder/utils.py", line 80, in execute_query
    result = frappe.db.sql(query, params, *args, **kwargs)  # nosemgrep
      query = 'SELECT `table_name` FROM `information_schema`.`tables` WHERE `table_schema`=%(param1)s'
      args = ()
      kwargs = {'pluck': True}
      child_queries = []
      params = {'param1': '_9a54aa6450761df8'}
  File "apps/frappe/frappe/database/database.py", line 237, in sql
    self.connect()
      self = <frappe.database.mariadb.database.MariaDBDatabase object at 0x7fa29cf3a630>
      query = 'SELECT `table_name` FROM `information_schema`.`tables` WHERE `table_schema`=%(param1)s'
      values = {'param1': '_9a54aa6450761df8'}
      as_dict = 0
      as_list = 0
      debug = False
      ignore_ddl = 0
      auto_commit = 0
      update = None
      explain = False
      run = True
      pluck = True
      as_iterator = False
      query_type = 'select'
  File "apps/frappe/frappe/database/database.py", line 135, in connect
    self.get_connection()
      self = <frappe.database.mariadb.database.MariaDBDatabase object at 0x7fa29cf3a630>
  File "apps/frappe/frappe/database/mariadb/database.py", line 105, in get_connection
    conn = self._get_connection()
      self = <frappe.database.mariadb.database.MariaDBDatabase object at 0x7fa29cf3a630>
  File "apps/frappe/frappe/database/mariadb/database.py", line 111, in _get_connection
    return self.create_connection()
      self = <frappe.database.mariadb.database.MariaDBDatabase object at 0x7fa29cf3a630>
  File "apps/frappe/frappe/database/mariadb/database.py", line 114, in create_connection
    return pymysql.connect(**self.get_connection_settings())
      self = <frappe.database.mariadb.database.MariaDBDatabase object at 0x7fa29cf3a630>
  File "env/lib/python3.12/site-packages/pymysql/connections.py", line 361, in __init__
    self.connect()
      self = <pymysql.connections.Connection object at 0x7fa29d32b980>
      user = '_9a54aa6450761df8'
      password = ********
      host = '127.0.0.1'
      database = '_9a54aa6450761df8'
      unix_socket = None
      port = 3306
      charset = 'utf8mb4'
      collation = 'utf8mb4_unicode_ci'
      sql_mode = None
      read_default_file = None
      conv = {<class 'bool'>: <function escape_bool at 0x7fa29d5b9120>, <class 'int'>: <function escape_int at 0x7fa29d5b91c0>, <class 'float'>: <function escape_float at 0x7fa29d5b9260>, <class 'str'>: <function escape_str at 0x7fa29d5b94e0>, <class 'bytes'>: <function escape_bytes at 0x7fa29d5b9440>, <class 'tuple'>: <function escape_sequence at 0x7fa29d5b8fe0>, <class 'list'>: <function escape_sequence at 0x7fa29d5b8fe0>, <class 'set'>: <function escape_sequence at 0x7fa29d5b8fe0>, <class 'frozenset'>: <function escape_sequence at 0x7fa29d5b8fe0>, <class 'dict'>: <function escape_dict at 0x7fa29d5b8f40>, <class 'NoneType'>: <function escape_None at 0x7fa29d5b9580>, <class 'datetime.date'>: <function escape_date at 0x7fa29d5b9800>, <class 'datetime.datetime'>: <function escape_datetime at 0x7fa29d5b9760>, <class 'datetime.timedelta'>: <function escape_timedelta at 0x7fa29d5b9620>, <class 'datetime.time'>: <function escape_time at 0x7fa29d5b96c0>, <class 'time.struct_time'>: <function escape_struc...
      use_unicode = True
      client_flag = 3842573
      cursorclass = <class 'pymysql.cursors.Cursor'>
      init_command = None
      connect_timeout = 10
      read_default_group = None
      autocommit = False
      local_infile = False
      max_allowed_packet = 16777216
      defer_connect = False
      auth_plugin_map = None
      read_timeout = None
      write_timeout = None
      bind_address = None
      binary_prefix = False
      program_name = None
      server_public_key = ********
      ssl = None
      ssl_ca = None
      ssl_cert = None
      ssl_disabled = None
      ssl_key = ********
      ssl_key_password = ********
      ssl_verify_cert = None
      ssl_verify_identity = None
      compress = None
      named_pipe = None
      passwd = ********
      db = None
  File "env/lib/python3.12/site-packages/pymysql/connections.py", line 669, in connect
    self._request_authentication()
      self = <pymysql.connections.Connection object at 0x7fa29d32b980>
      sock = <socket.socket [closed] fd=-1, family=2, type=1, proto=6>
      kwargs = {}
  File "env/lib/python3.12/site-packages/pymysql/connections.py", line 957, in _request_authentication
    auth_packet = self._read_packet()
      self = <pymysql.connections.Connection object at 0x7fa29d32b980>
      charset_id = 45
      data_init = b'\r\xa2:\x00\xff\xff\xff\x00-\x00\x00\x00\x00\x00\x00\x00\x00\x00\x00\x00\x00\x00\x00\x00\x00\x00\x00\x00\x00\x00\x00\x00'
      data = b'\r\xa2:\x00\xff\xff\xff\x00-\x00\x00\x00\x00\x00\x00\x00\x00\x00\x00\x00\x00\x00\x00\x00\x00\x00\x00\x00\x00\x00\x00\x00_9a54aa6450761df8\x00\x14\xd3v\x9e\x8ec\xa3^R{\xae\x19\x16\xf3ay\x8d\xffs\x84\x1f_9a54aa6450761df8\x00mysql_native_password\x005\x0c_client_name\x07pymysql\x0f_client_version\x051.1.1\x04_pid\x045937'
      authresp = b'\xd3v\x9e\x8ec\xa3^R{\xae\x19\x16\xf3ay\x8d\xffs\x84\x1f'
      plugin_name = b'mysql_native_password'
      connect_attrs = b'\x0c_client_name\x07pymysql\x0f_client_version\x051.1.1\x04_pid\x045937'
      k = b'_pid'
      v = b'5937'
  File "env/lib/python3.12/site-packages/pymysql/connections.py", line 775, in _read_packet
    packet.raise_for_error()
      self = <pymysql.connections.Connection object at 0x7fa29d32b980>
      packet_type = <class 'pymysql.protocol.MysqlPacket'>
      buff = bytearray(b"\xff\x15\x04#28000Access denied for user \'_9a54aa6450761df8\'@\'localhost\' (using password: YES)")
      packet_header = b'U\x00\x00\x02'
      btrl = 85
      btrh = 0
      packet_number = 2
      bytes_to_read = 85
      recv_data = b"\xff\x15\x04#28000Access denied for user '_9a54aa6450761df8'@'localhost' (using password: YES)"
      packet = <pymysql.protocol.MysqlPacket object at 0x7fa29d32b010>
  File "env/lib/python3.12/site-packages/pymysql/protocol.py", line 219, in raise_for_error
    err.raise_mysql_exception(self._data)
      self = <pymysql.protocol.MysqlPacket object at 0x7fa29d32b010>
      errno = 1045
  File "env/lib/python3.12/site-packages/pymysql/err.py", line 150, in raise_mysql_exception
    raise errorclass(errno, errval)
      data = b"\xff\x15\x04#28000Access denied for user '_9a54aa6450761df8'@'localhost' (using password: YES)"
      errno = 1045
      errval = "Access denied for user '_9a54aa6450761df8'@'localhost' (using password: YES)"
      errorclass = <class 'pymysql.err.OperationalError'>
pymysql.err.OperationalError: (1045, "Access denied for user '_9a54aa6450761df8'@'localhost' (using password: YES)")
set -o pipefail; /usr/bin/mariadb-dump --user=_3459fc20e3de2b0c --host=127.0.0.1 --port=3306 --password=********** --single-transaction --quick --lock-tables=false _3459fc20e3de2b0c | /usr/bin/gzip >> ./alumnimgmt.localhost/private/backups/20250504_120003-alumnimgmt_localhost-database.sql.gz

Backup Summary for alumnimgmt.localhost at 2025-05-04 12:00:04.934576
Config  : /home/pearl/alumnimgmtsystem/sites/alumnimgmt.localhost/private/backups/20250504_120003-alumnimgmt_localhost-site_config_backup.json 173.0B
Database: /home/pearl/alumnimgmtsystem/sites/alumnimgmt.localhost/private/backups/20250504_120003-alumnimgmt_localhost-database.sql.gz 558.7KiB
Backup for Site alumnimgmt.localhost has been successfully completed
Backup failed for Site library.localhost. Database or site_config.json may be corrupted
Traceback with variables (most recent call last):
  File "apps/frappe/frappe/commands/site.py", line 865, in backup
    odb = scheduled_backup(
      context = CliCtxObj(sites=['alumnimgmt.localhost', 'library.localhost'], force=False, profile=False, verbose=True)
      with_files = False
      backup_path = None
      backup_path_db = None
      backup_path_files = None
      backup_path_private_files = None
      backup_path_conf = None
      ignore_backup_conf = False
      verbose = True
      compress = False
      include = ''
      exclude = ''
      old_backup_metadata = False
      scheduled_backup = <function scheduled_backup at 0x769adf047880>
      exit_code = 0
      rollback_callback = None
      site = 'library.localhost'
      odb = <frappe.utils.backups.BackupGenerator object at 0x769ade53fce0>
  File "apps/frappe/frappe/utils/backups.py", line 589, in scheduled_backup
    return new_backup(
      older_than = 6
      ignore_files = True
      backup_path = None
      backup_path_db = None
      backup_path_files = None
      backup_path_private_files = None
      backup_path_conf = None
      ignore_conf = False
      include_doctypes = ''
      exclude_doctypes = ''
      compress = False
      force = True
      verbose = True
      old_backup_metadata = False
      rollback_callback = <frappe.utils.CallbackManager object at 0x769ade3efe80>
  File "apps/frappe/frappe/utils/backups.py", line 626, in new_backup
    odb = BackupGenerator(
      older_than = 6
      ignore_files = True
      backup_path = None
      backup_path_db = None
      backup_path_files = None
      backup_path_private_files = None
      backup_path_conf = None
      ignore_conf = False
      include_doctypes = ''
      exclude_doctypes = ''
      compress = False
      force = True
      verbose = True
      old_backup_metadata = False
      rollback_callback = <frappe.utils.CallbackManager object at 0x769ade3efe80>
  File "apps/frappe/frappe/utils/backups.py", line 89, in __init__
    self.setup_backup_tables()
      self = <frappe.utils.backups.BackupGenerator object at 0x769adeff7770>
      db_name = '_9a54aa6450761df8'
      user = '_9a54aa6450761df8'
      password = ********
      backup_path = None
      backup_path_db = None
      backup_path_files = None
      backup_path_private_files = None
      db_socket = None
      db_host = '127.0.0.1'
      db_port = 3306
      db_type = 'mariadb'
      backup_path_conf = None
      ignore_conf = False
      compress_files = False
      include_doctypes = ''
      exclude_doctypes = ''
      verbose = True
      old_backup_metadata = False
      rollback_callback = <frappe.utils.CallbackManager object at 0x769ade3efe80>
      site = 'library.localhost'
  File "apps/frappe/frappe/utils/backups.py", line 126, in setup_backup_tables
    self._set_existing_tables()
      self = <frappe.utils.backups.BackupGenerator object at 0x769adeff7770>
  File "apps/frappe/frappe/utils/backups.py", line 122, in _set_existing_tables
    self._existing_tables = frappe.db.get_tables()
      self = <frappe.utils.backups.BackupGenerator object at 0x769adeff7770>
  File "apps/frappe/frappe/database/mariadb/database.py", line 485, in get_tables
    .run(pluck=True)
      self = <frappe.database.mariadb.database.MariaDBDatabase object at 0x769ade2f4800>
      cached = True
      to_query = True
      tables = None
      information_schema = <pypika.queries.Schema object at 0x769ade4b76b0>
  File "apps/frappe/frappe/query_builder/utils.py", line 80, in execute_query
    result = frappe.db.sql(query, params, *args, **kwargs)  # nosemgrep
      query = 'SELECT `table_name` FROM `information_schema`.`tables` WHERE `table_schema`=%(param1)s'
      args = ()
      kwargs = {'pluck': True}
      child_queries = []
      params = {'param1': '_9a54aa6450761df8'}
  File "apps/frappe/frappe/database/database.py", line 237, in sql
    self.connect()
      self = <frappe.database.mariadb.database.MariaDBDatabase object at 0x769ade2f4800>
      query = 'SELECT `table_name` FROM `information_schema`.`tables` WHERE `table_schema`=%(param1)s'
      values = {'param1': '_9a54aa6450761df8'}
      as_dict = 0
      as_list = 0
      debug = False
      ignore_ddl = 0
      auto_commit = 0
      update = None
      explain = False
      run = True
      pluck = True
      as_iterator = False
      query_type = 'select'
  File "apps/frappe/frappe/database/database.py", line 135, in connect
    self.get_connection()
      self = <frappe.database.mariadb.database.MariaDBDatabase object at 0x769ade2f4800>
  File "apps/frappe/frappe/database/mariadb/database.py", line 105, in get_connection
    conn = self._get_connection()
      self = <frappe.database.mariadb.database.MariaDBDatabase object at 0x769ade2f4800>
  File "apps/frappe/frappe/database/mariadb/database.py", line 111, in _get_connection
    return self.create_connection()
      self = <frappe.database.mariadb.database.MariaDBDatabase object at 0x769ade2f4800>
  File "apps/frappe/frappe/database/mariadb/database.py", line 114, in create_connection
    return pymysql.connect(**self.get_connection_settings())
      self = <frappe.database.mariadb.database.MariaDBDatabase object at 0x769ade2f4800>
  File "env/lib/python3.12/site-packages/pymysql/connections.py", line 361, in __init__
    self.connect()
      self = <pymysql.connections.Connection object at 0x769ade4b7aa0>
      user = '_9a54aa6450761df8'
      password = ********
      host = '127.0.0.1'
      database = '_9a54aa6450761df8'
      unix_socket = None
      port = 3306
      charset = 'utf8mb4'
      collation = 'utf8mb4_unicode_ci'
      sql_mode = None
      read_default_file = None
      conv = {<class 'bool'>: <function escape_bool at 0x769ade549120>, <class 'int'>: <function escape_int at 0x769ade5491c0>, <class 'float'>: <function escape_float at 0x769ade549260>, <class 'str'>: <function escape_str at 0x769ade5494e0>, <class 'bytes'>: <function escape_bytes at 0x769ade549440>, <class 'tuple'>: <function escape_sequence at 0x769ade548fe0>, <class 'list'>: <function escape_sequence at 0x769ade548fe0>, <class 'set'>: <function escape_sequence at 0x769ade548fe0>, <class 'frozenset'>: <function escape_sequence at 0x769ade548fe0>, <class 'dict'>: <function escape_dict at 0x769ade548f40>, <class 'NoneType'>: <function escape_None at 0x769ade549580>, <class 'datetime.date'>: <function escape_date at 0x769ade549800>, <class 'datetime.datetime'>: <function escape_datetime at 0x769ade549760>, <class 'datetime.timedelta'>: <function escape_timedelta at 0x769ade549620>, <class 'datetime.time'>: <function escape_time at 0x769ade5496c0>, <class 'time.struct_time'>: <function escape_struc...
      use_unicode = True
      client_flag = 3842573
      cursorclass = <class 'pymysql.cursors.Cursor'>
      init_command = None
      connect_timeout = 10
      read_default_group = None
      autocommit = False
      local_infile = False
      max_allowed_packet = 16777216
      defer_connect = False
      auth_plugin_map = None
      read_timeout = None
      write_timeout = None
      bind_address = None
      binary_prefix = False
      program_name = None
      server_public_key = ********
      ssl = None
      ssl_ca = None
      ssl_cert = None
      ssl_disabled = None
      ssl_key = ********
      ssl_key_password = ********
      ssl_verify_cert = None
      ssl_verify_identity = None
      compress = None
      named_pipe = None
      passwd = ********
      db = None
  File "env/lib/python3.12/site-packages/pymysql/connections.py", line 669, in connect
    self._request_authentication()
      self = <pymysql.connections.Connection object at 0x769ade4b7aa0>
      sock = <socket.socket [closed] fd=-1, family=2, type=1, proto=6>
      kwargs = {}
  File "env/lib/python3.12/site-packages/pymysql/connections.py", line 957, in _request_authentication
    auth_packet = self._read_packet()
      self = <pymysql.connections.Connection object at 0x769ade4b7aa0>
      charset_id = 45
      data_init = b'\r\xa2:\x00\xff\xff\xff\x00-\x00\x00\x00\x00\x00\x00\x00\x00\x00\x00\x00\x00\x00\x00\x00\x00\x00\x00\x00\x00\x00\x00\x00'
      data = b"\r\xa2:\x00\xff\xff\xff\x00-\x00\x00\x00\x00\x00\x00\x00\x00\x00\x00\x00\x00\x00\x00\x00\x00\x00\x00\x00\x00\x00\x00\x00_9a54aa6450761df8\x00\x14\xf9\xe4:\x95c\x0f\xbe\xc6_'`\x98\x1c\xd9E`Hx\xb9\x9f_9a54aa6450761df8\x00mysql_native_password\x005\x0c_client_name\x07pymysql\x0f_client_version\x051.1.1\x04_pid\x047434"
      authresp = b"\xf9\xe4:\x95c\x0f\xbe\xc6_'`\x98\x1c\xd9E`Hx\xb9\x9f"
      plugin_name = b'mysql_native_password'
      connect_attrs = b'\x0c_client_name\x07pymysql\x0f_client_version\x051.1.1\x04_pid\x047434'
      k = b'_pid'
      v = b'7434'
  File "env/lib/python3.12/site-packages/pymysql/connections.py", line 775, in _read_packet
    packet.raise_for_error()
      self = <pymysql.connections.Connection object at 0x769ade4b7aa0>
      packet_type = <class 'pymysql.protocol.MysqlPacket'>
      buff = bytearray(b"\xff\x15\x04#28000Access denied for user \'_9a54aa6450761df8\'@\'localhost\' (using password: YES)")
      packet_header = b'U\x00\x00\x02'
      btrl = 85
      btrh = 0
      packet_number = 2
      bytes_to_read = 85
      recv_data = b"\xff\x15\x04#28000Access denied for user '_9a54aa6450761df8'@'localhost' (using password: YES)"
      packet = <pymysql.protocol.MysqlPacket object at 0x769ade4b7a30>
  File "env/lib/python3.12/site-packages/pymysql/protocol.py", line 219, in raise_for_error
    err.raise_mysql_exception(self._data)
      self = <pymysql.protocol.MysqlPacket object at 0x769ade4b7a30>
      errno = 1045
  File "env/lib/python3.12/site-packages/pymysql/err.py", line 150, in raise_mysql_exception
    raise errorclass(errno, errval)
      data = b"\xff\x15\x04#28000Access denied for user '_9a54aa6450761df8'@'localhost' (using password: YES)"
      errno = 1045
      errval = "Access denied for user '_9a54aa6450761df8'@'localhost' (using password: YES)"
      errorclass = <class 'pymysql.err.OperationalError'>
pymysql.err.OperationalError: (1045, "Access denied for user '_9a54aa6450761df8'@'localhost' (using password: YES)")
set -o pipefail; /usr/bin/mariadb-dump --user=_3459fc20e3de2b0c --host=127.0.0.1 --port=3306 --password=********** --single-transaction --quick --lock-tables=false _3459fc20e3de2b0c | /usr/bin/gzip >> ./alumnimgmt.localhost/private/backups/20250505_180003-alumnimgmt_localhost-database.sql.gz

Backup Summary for alumnimgmt.localhost at 2025-05-05 18:00:04.426733
Config  : /home/pearl/alumnimgmtsystem/sites/alumnimgmt.localhost/private/backups/20250505_180003-alumnimgmt_localhost-site_config_backup.json 173.0B
Database: /home/pearl/alumnimgmtsystem/sites/alumnimgmt.localhost/private/backups/20250505_180003-alumnimgmt_localhost-database.sql.gz 558.7KiB
Backup for Site alumnimgmt.localhost has been successfully completed
Backup failed for Site library.localhost. Database or site_config.json may be corrupted
Traceback with variables (most recent call last):
  File "apps/frappe/frappe/commands/site.py", line 865, in backup
    odb = scheduled_backup(
      context = CliCtxObj(sites=['alumnimgmt.localhost', 'library.localhost'], force=False, profile=False, verbose=True)
      with_files = False
      backup_path = None
      backup_path_db = None
      backup_path_files = None
      backup_path_private_files = None
      backup_path_conf = None
      ignore_backup_conf = False
      verbose = True
      compress = False
      include = ''
      exclude = ''
      old_backup_metadata = False
      scheduled_backup = <function scheduled_backup at 0x7e1122427880>
      exit_code = 0
      rollback_callback = None
      site = 'library.localhost'
      odb = <frappe.utils.backups.BackupGenerator object at 0x7e1122b9fc20>
  File "apps/frappe/frappe/utils/backups.py", line 589, in scheduled_backup
    return new_backup(
      older_than = 6
      ignore_files = True
      backup_path = None
      backup_path_db = None
      backup_path_files = None
      backup_path_private_files = None
      backup_path_conf = None
      ignore_conf = False
      include_doctypes = ''
      exclude_doctypes = ''
      compress = False
      force = True
      verbose = True
      old_backup_metadata = False
      rollback_callback = <frappe.utils.CallbackManager object at 0x7e1121998fd0>
  File "apps/frappe/frappe/utils/backups.py", line 626, in new_backup
    odb = BackupGenerator(
      older_than = 6
      ignore_files = True
      backup_path = None
      backup_path_db = None
      backup_path_files = None
      backup_path_private_files = None
      backup_path_conf = None
      ignore_conf = False
      include_doctypes = ''
      exclude_doctypes = ''
      compress = False
      force = True
      verbose = True
      old_backup_metadata = False
      rollback_callback = <frappe.utils.CallbackManager object at 0x7e1121998fd0>
  File "apps/frappe/frappe/utils/backups.py", line 89, in __init__
    self.setup_backup_tables()
      self = <frappe.utils.backups.BackupGenerator object at 0x7e112145e120>
      db_name = '_9a54aa6450761df8'
      user = '_9a54aa6450761df8'
      password = ********
      backup_path = None
      backup_path_db = None
      backup_path_files = None
      backup_path_private_files = None
      db_socket = None
      db_host = '127.0.0.1'
      db_port = 3306
      db_type = 'mariadb'
      backup_path_conf = None
      ignore_conf = False
      compress_files = False
      include_doctypes = ''
      exclude_doctypes = ''
      verbose = True
      old_backup_metadata = False
      rollback_callback = <frappe.utils.CallbackManager object at 0x7e1121998fd0>
      site = 'library.localhost'
  File "apps/frappe/frappe/utils/backups.py", line 126, in setup_backup_tables
    self._set_existing_tables()
      self = <frappe.utils.backups.BackupGenerator object at 0x7e112145e120>
  File "apps/frappe/frappe/utils/backups.py", line 122, in _set_existing_tables
    self._existing_tables = frappe.db.get_tables()
      self = <frappe.utils.backups.BackupGenerator object at 0x7e112145e120>
  File "apps/frappe/frappe/database/mariadb/database.py", line 485, in get_tables
    .run(pluck=True)
      self = <frappe.database.mariadb.database.MariaDBDatabase object at 0x7e1121717ce0>
      cached = True
      to_query = True
      tables = None
      information_schema = <pypika.queries.Schema object at 0x7e11216cb500>
  File "apps/frappe/frappe/query_builder/utils.py", line 80, in execute_query
    result = frappe.db.sql(query, params, *args, **kwargs)  # nosemgrep
      query = 'SELECT `table_name` FROM `information_schema`.`tables` WHERE `table_schema`=%(param1)s'
      args = ()
      kwargs = {'pluck': True}
      child_queries = []
      params = {'param1': '_9a54aa6450761df8'}
  File "apps/frappe/frappe/database/database.py", line 237, in sql
    self.connect()
      self = <frappe.database.mariadb.database.MariaDBDatabase object at 0x7e1121717ce0>
      query = 'SELECT `table_name` FROM `information_schema`.`tables` WHERE `table_schema`=%(param1)s'
      values = {'param1': '_9a54aa6450761df8'}
      as_dict = 0
      as_list = 0
      debug = False
      ignore_ddl = 0
      auto_commit = 0
      update = None
      explain = False
      run = True
      pluck = True
      as_iterator = False
      query_type = 'select'
  File "apps/frappe/frappe/database/database.py", line 135, in connect
    self.get_connection()
      self = <frappe.database.mariadb.database.MariaDBDatabase object at 0x7e1121717ce0>
  File "apps/frappe/frappe/database/mariadb/database.py", line 105, in get_connection
    conn = self._get_connection()
      self = <frappe.database.mariadb.database.MariaDBDatabase object at 0x7e1121717ce0>
  File "apps/frappe/frappe/database/mariadb/database.py", line 111, in _get_connection
    return self.create_connection()
      self = <frappe.database.mariadb.database.MariaDBDatabase object at 0x7e1121717ce0>
  File "apps/frappe/frappe/database/mariadb/database.py", line 114, in create_connection
    return pymysql.connect(**self.get_connection_settings())
      self = <frappe.database.mariadb.database.MariaDBDatabase object at 0x7e1121717ce0>
  File "env/lib/python3.12/site-packages/pymysql/connections.py", line 361, in __init__
    self.connect()
      self = <pymysql.connections.Connection object at 0x7e11216cbb30>
      user = '_9a54aa6450761df8'
      password = ********
      host = '127.0.0.1'
      database = '_9a54aa6450761df8'
      unix_socket = None
      port = 3306
      charset = 'utf8mb4'
      collation = 'utf8mb4_unicode_ci'
      sql_mode = None
      read_default_file = None
      conv = {<class 'bool'>: <function escape_bool at 0x7e1121959120>, <class 'int'>: <function escape_int at 0x7e11219591c0>, <class 'float'>: <function escape_float at 0x7e1121959260>, <class 'str'>: <function escape_str at 0x7e11219594e0>, <class 'bytes'>: <function escape_bytes at 0x7e1121959440>, <class 'tuple'>: <function escape_sequence at 0x7e1121958fe0>, <class 'list'>: <function escape_sequence at 0x7e1121958fe0>, <class 'set'>: <function escape_sequence at 0x7e1121958fe0>, <class 'frozenset'>: <function escape_sequence at 0x7e1121958fe0>, <class 'dict'>: <function escape_dict at 0x7e1121958f40>, <class 'NoneType'>: <function escape_None at 0x7e1121959580>, <class 'datetime.date'>: <function escape_date at 0x7e1121959800>, <class 'datetime.datetime'>: <function escape_datetime at 0x7e1121959760>, <class 'datetime.timedelta'>: <function escape_timedelta at 0x7e1121959620>, <class 'datetime.time'>: <function escape_time at 0x7e11219596c0>, <class 'time.struct_time'>: <function escape_struc...
      use_unicode = True
      client_flag = 3842573
      cursorclass = <class 'pymysql.cursors.Cursor'>
      init_command = None
      connect_timeout = 10
      read_default_group = None
      autocommit = False
      local_infile = False
      max_allowed_packet = 16777216
      defer_connect = False
      auth_plugin_map = None
      read_timeout = None
      write_timeout = None
      bind_address = None
      binary_prefix = False
      program_name = None
      server_public_key = ********
      ssl = None
      ssl_ca = None
      ssl_cert = None
      ssl_disabled = None
      ssl_key = ********
      ssl_key_password = ********
      ssl_verify_cert = None
      ssl_verify_identity = None
      compress = None
      named_pipe = None
      passwd = ********
      db = None
  File "env/lib/python3.12/site-packages/pymysql/connections.py", line 669, in connect
    self._request_authentication()
      self = <pymysql.connections.Connection object at 0x7e11216cbb30>
      sock = <socket.socket [closed] fd=-1, family=2, type=1, proto=6>
      kwargs = {}
  File "env/lib/python3.12/site-packages/pymysql/connections.py", line 957, in _request_authentication
    auth_packet = self._read_packet()
      self = <pymysql.connections.Connection object at 0x7e11216cbb30>
      charset_id = 45
      data_init = b'\r\xa2:\x00\xff\xff\xff\x00-\x00\x00\x00\x00\x00\x00\x00\x00\x00\x00\x00\x00\x00\x00\x00\x00\x00\x00\x00\x00\x00\x00\x00'
      data = b'\r\xa2:\x00\xff\xff\xff\x00-\x00\x00\x00\x00\x00\x00\x00\x00\x00\x00\x00\x00\x00\x00\x00\x00\x00\x00\x00\x00\x00\x00\x00_9a54aa6450761df8\x00\x14_\x9b\xbb,\x0e-r}\x18\xb4\x1f\x01\n<P\xf2\x16\x0f\xc9\x9a_9a54aa6450761df8\x00mysql_native_password\x005\x0c_client_name\x07pymysql\x0f_client_version\x051.1.1\x04_pid\x046746'
      authresp = b'_\x9b\xbb,\x0e-r}\x18\xb4\x1f\x01\n<P\xf2\x16\x0f\xc9\x9a'
      plugin_name = b'mysql_native_password'
      connect_attrs = b'\x0c_client_name\x07pymysql\x0f_client_version\x051.1.1\x04_pid\x046746'
      k = b'_pid'
      v = b'6746'
  File "env/lib/python3.12/site-packages/pymysql/connections.py", line 775, in _read_packet
    packet.raise_for_error()
      self = <pymysql.connections.Connection object at 0x7e11216cbb30>
      packet_type = <class 'pymysql.protocol.MysqlPacket'>
      buff = bytearray(b"\xff\x15\x04#28000Access denied for user \'_9a54aa6450761df8\'@\'localhost\' (using password: YES)")
      packet_header = b'U\x00\x00\x02'
      btrl = 85
      btrh = 0
      packet_number = 2
      bytes_to_read = 85
      recv_data = b"\xff\x15\x04#28000Access denied for user '_9a54aa6450761df8'@'localhost' (using password: YES)"
      packet = <pymysql.protocol.MysqlPacket object at 0x7e11216cb940>
  File "env/lib/python3.12/site-packages/pymysql/protocol.py", line 219, in raise_for_error
    err.raise_mysql_exception(self._data)
      self = <pymysql.protocol.MysqlPacket object at 0x7e11216cb940>
      errno = 1045
  File "env/lib/python3.12/site-packages/pymysql/err.py", line 150, in raise_mysql_exception
    raise errorclass(errno, errval)
      data = b"\xff\x15\x04#28000Access denied for user '_9a54aa6450761df8'@'localhost' (using password: YES)"
      errno = 1045
      errval = "Access denied for user '_9a54aa6450761df8'@'localhost' (using password: YES)"
      errorclass = <class 'pymysql.err.OperationalError'>
pymysql.err.OperationalError: (1045, "Access denied for user '_9a54aa6450761df8'@'localhost' (using password: YES)")
set -o pipefail; /usr/bin/mariadb-dump --user=_3459fc20e3de2b0c --host=127.0.0.1 --port=3306 --password=********** --single-transaction --quick --lock-tables=false _3459fc20e3de2b0c | /usr/bin/gzip >> ./alumnimgmt.localhost/private/backups/20250506_120004-alumnimgmt_localhost-database.sql.gz

Backup Summary for alumnimgmt.localhost at 2025-05-06 12:00:05.202593
Config  : /home/pearl/alumnimgmtsystem/sites/alumnimgmt.localhost/private/backups/20250506_120004-alumnimgmt_localhost-site_config_backup.json 173.0B
Database: /home/pearl/alumnimgmtsystem/sites/alumnimgmt.localhost/private/backups/20250506_120004-alumnimgmt_localhost-database.sql.gz 558.7KiB
Backup for Site alumnimgmt.localhost has been successfully completed
Backup failed for Site library.localhost. Database or site_config.json may be corrupted
Traceback with variables (most recent call last):
  File "apps/frappe/frappe/commands/site.py", line 865, in backup
    odb = scheduled_backup(
      context = CliCtxObj(sites=['alumnimgmt.localhost', 'library.localhost'], force=False, profile=False, verbose=True)
      with_files = False
      backup_path = None
      backup_path_db = None
      backup_path_files = None
      backup_path_private_files = None
      backup_path_conf = None
      ignore_backup_conf = False
      verbose = True
      compress = False
      include = ''
      exclude = ''
      old_backup_metadata = False
      scheduled_backup = <function scheduled_backup at 0x7ad9f9e47880>
      exit_code = 0
      rollback_callback = None
      site = 'library.localhost'
      odb = <frappe.utils.backups.BackupGenerator object at 0x7ad9f933fce0>
  File "apps/frappe/frappe/utils/backups.py", line 589, in scheduled_backup
    return new_backup(
      older_than = 6
      ignore_files = True
      backup_path = None
      backup_path_db = None
      backup_path_files = None
      backup_path_private_files = None
      backup_path_conf = None
      ignore_conf = False
      include_doctypes = ''
      exclude_doctypes = ''
      compress = False
      force = True
      verbose = True
      old_backup_metadata = False
      rollback_callback = <frappe.utils.CallbackManager object at 0x7ad9f92bba00>
  File "apps/frappe/frappe/utils/backups.py", line 626, in new_backup
    odb = BackupGenerator(
      older_than = 6
      ignore_files = True
      backup_path = None
      backup_path_db = None
      backup_path_files = None
      backup_path_private_files = None
      backup_path_conf = None
      ignore_conf = False
      include_doctypes = ''
      exclude_doctypes = ''
      compress = False
      force = True
      verbose = True
      old_backup_metadata = False
      rollback_callback = <frappe.utils.CallbackManager object at 0x7ad9f92bba00>
  File "apps/frappe/frappe/utils/backups.py", line 89, in __init__
    self.setup_backup_tables()
      self = <frappe.utils.backups.BackupGenerator object at 0x7ad9f92bbbc0>
      db_name = '_9a54aa6450761df8'
      user = '_9a54aa6450761df8'
      password = ********
      backup_path = None
      backup_path_db = None
      backup_path_files = None
      backup_path_private_files = None
      db_socket = None
      db_host = '127.0.0.1'
      db_port = 3306
      db_type = 'mariadb'
      backup_path_conf = None
      ignore_conf = False
      compress_files = False
      include_doctypes = ''
      exclude_doctypes = ''
      verbose = True
      old_backup_metadata = False
      rollback_callback = <frappe.utils.CallbackManager object at 0x7ad9f92bba00>
      site = 'library.localhost'
  File "apps/frappe/frappe/utils/backups.py", line 126, in setup_backup_tables
    self._set_existing_tables()
      self = <frappe.utils.backups.BackupGenerator object at 0x7ad9f92bbbc0>
  File "apps/frappe/frappe/utils/backups.py", line 122, in _set_existing_tables
    self._existing_tables = frappe.db.get_tables()
      self = <frappe.utils.backups.BackupGenerator object at 0x7ad9f92bbbc0>
  File "apps/frappe/frappe/database/mariadb/database.py", line 485, in get_tables
    .run(pluck=True)
      self = <frappe.database.mariadb.database.MariaDBDatabase object at 0x7ad9f9e308f0>
      cached = True
      to_query = True
      tables = None
      information_schema = <pypika.queries.Schema object at 0x7ad9f9223200>
  File "apps/frappe/frappe/query_builder/utils.py", line 80, in execute_query
    result = frappe.db.sql(query, params, *args, **kwargs)  # nosemgrep
      query = 'SELECT `table_name` FROM `information_schema`.`tables` WHERE `table_schema`=%(param1)s'
      args = ()
      kwargs = {'pluck': True}
      child_queries = []
      params = {'param1': '_9a54aa6450761df8'}
  File "apps/frappe/frappe/database/database.py", line 237, in sql
    self.connect()
      self = <frappe.database.mariadb.database.MariaDBDatabase object at 0x7ad9f9e308f0>
      query = 'SELECT `table_name` FROM `information_schema`.`tables` WHERE `table_schema`=%(param1)s'
      values = {'param1': '_9a54aa6450761df8'}
      as_dict = 0
      as_list = 0
      debug = False
      ignore_ddl = 0
      auto_commit = 0
      update = None
      explain = False
      run = True
      pluck = True
      as_iterator = False
      query_type = 'select'
  File "apps/frappe/frappe/database/database.py", line 135, in connect
    self.get_connection()
      self = <frappe.database.mariadb.database.MariaDBDatabase object at 0x7ad9f9e308f0>
  File "apps/frappe/frappe/database/mariadb/database.py", line 105, in get_connection
    conn = self._get_connection()
      self = <frappe.database.mariadb.database.MariaDBDatabase object at 0x7ad9f9e308f0>
  File "apps/frappe/frappe/database/mariadb/database.py", line 111, in _get_connection
    return self.create_connection()
      self = <frappe.database.mariadb.database.MariaDBDatabase object at 0x7ad9f9e308f0>
  File "apps/frappe/frappe/database/mariadb/database.py", line 114, in create_connection
    return pymysql.connect(**self.get_connection_settings())
      self = <frappe.database.mariadb.database.MariaDBDatabase object at 0x7ad9f9e308f0>
  File "env/lib/python3.12/site-packages/pymysql/connections.py", line 361, in __init__
    self.connect()
      self = <pymysql.connections.Connection object at 0x7ad9f9220110>
      user = '_9a54aa6450761df8'
      password = ********
      host = '127.0.0.1'
      database = '_9a54aa6450761df8'
      unix_socket = None
      port = 3306
      charset = 'utf8mb4'
      collation = 'utf8mb4_unicode_ci'
      sql_mode = None
      read_default_file = None
      conv = {<class 'bool'>: <function escape_bool at 0x7ad9f9349120>, <class 'int'>: <function escape_int at 0x7ad9f93491c0>, <class 'float'>: <function escape_float at 0x7ad9f9349260>, <class 'str'>: <function escape_str at 0x7ad9f93494e0>, <class 'bytes'>: <function escape_bytes at 0x7ad9f9349440>, <class 'tuple'>: <function escape_sequence at 0x7ad9f9348fe0>, <class 'list'>: <function escape_sequence at 0x7ad9f9348fe0>, <class 'set'>: <function escape_sequence at 0x7ad9f9348fe0>, <class 'frozenset'>: <function escape_sequence at 0x7ad9f9348fe0>, <class 'dict'>: <function escape_dict at 0x7ad9f9348f40>, <class 'NoneType'>: <function escape_None at 0x7ad9f9349580>, <class 'datetime.date'>: <function escape_date at 0x7ad9f9349800>, <class 'datetime.datetime'>: <function escape_datetime at 0x7ad9f9349760>, <class 'datetime.timedelta'>: <function escape_timedelta at 0x7ad9f9349620>, <class 'datetime.time'>: <function escape_time at 0x7ad9f93496c0>, <class 'time.struct_time'>: <function escape_struc...
      use_unicode = True
      client_flag = 3842573
      cursorclass = <class 'pymysql.cursors.Cursor'>
      init_command = None
      connect_timeout = 10
      read_default_group = None
      autocommit = False
      local_infile = False
      max_allowed_packet = 16777216
      defer_connect = False
      auth_plugin_map = None
      read_timeout = None
      write_timeout = None
      bind_address = None
      binary_prefix = False
      program_name = None
      server_public_key = ********
      ssl = None
      ssl_ca = None
      ssl_cert = None
      ssl_disabled = None
      ssl_key = ********
      ssl_key_password = ********
      ssl_verify_cert = None
      ssl_verify_identity = None
      compress = None
      named_pipe = None
      passwd = ********
      db = None
  File "env/lib/python3.12/site-packages/pymysql/connections.py", line 669, in connect
    self._request_authentication()
      self = <pymysql.connections.Connection object at 0x7ad9f9220110>
      sock = <socket.socket [closed] fd=-1, family=2, type=1, proto=6>
      kwargs = {}
  File "env/lib/python3.12/site-packages/pymysql/connections.py", line 957, in _request_authentication
    auth_packet = self._read_packet()
      self = <pymysql.connections.Connection object at 0x7ad9f9220110>
      charset_id = 45
      data_init = b'\r\xa2:\x00\xff\xff\xff\x00-\x00\x00\x00\x00\x00\x00\x00\x00\x00\x00\x00\x00\x00\x00\x00\x00\x00\x00\x00\x00\x00\x00\x00'
      data = b'\r\xa2:\x00\xff\xff\xff\x00-\x00\x00\x00\x00\x00\x00\x00\x00\x00\x00\x00\x00\x00\x00\x00\x00\x00\x00\x00\x00\x00\x00\x00_9a54aa6450761df8\x00\x14\xcf`\xe6x\x98\x0c\x95RL~\xcf\x9b\x89\x11\x1a\xa8cj\x90%_9a54aa6450761df8\x00mysql_native_password\x005\x0c_client_name\x07pymysql\x0f_client_version\x051.1.1\x04_pid\x049101'
      authresp = b'\xcf`\xe6x\x98\x0c\x95RL~\xcf\x9b\x89\x11\x1a\xa8cj\x90%'
      plugin_name = b'mysql_native_password'
      connect_attrs = b'\x0c_client_name\x07pymysql\x0f_client_version\x051.1.1\x04_pid\x049101'
      k = b'_pid'
      v = b'9101'
  File "env/lib/python3.12/site-packages/pymysql/connections.py", line 775, in _read_packet
    packet.raise_for_error()
      self = <pymysql.connections.Connection object at 0x7ad9f9220110>
      packet_type = <class 'pymysql.protocol.MysqlPacket'>
      buff = bytearray(b"\xff\x15\x04#28000Access denied for user \'_9a54aa6450761df8\'@\'localhost\' (using password: YES)")
      packet_header = b'U\x00\x00\x02'
      btrl = 85
      btrh = 0
      packet_number = 2
      bytes_to_read = 85
      recv_data = b"\xff\x15\x04#28000Access denied for user '_9a54aa6450761df8'@'localhost' (using password: YES)"
      packet = <pymysql.protocol.MysqlPacket object at 0x7ad9f91ed960>
  File "env/lib/python3.12/site-packages/pymysql/protocol.py", line 219, in raise_for_error
    err.raise_mysql_exception(self._data)
      self = <pymysql.protocol.MysqlPacket object at 0x7ad9f91ed960>
      errno = 1045
  File "env/lib/python3.12/site-packages/pymysql/err.py", line 150, in raise_mysql_exception
    raise errorclass(errno, errval)
      data = b"\xff\x15\x04#28000Access denied for user '_9a54aa6450761df8'@'localhost' (using password: YES)"
      errno = 1045
      errval = "Access denied for user '_9a54aa6450761df8'@'localhost' (using password: YES)"
      errorclass = <class 'pymysql.err.OperationalError'>
pymysql.err.OperationalError: (1045, "Access denied for user '_9a54aa6450761df8'@'localhost' (using password: YES)")
set -o pipefail; /usr/bin/mariadb-dump --user=_3459fc20e3de2b0c --host=127.0.0.1 --port=3306 --password=********** --single-transaction --quick --lock-tables=false _3459fc20e3de2b0c | /usr/bin/gzip >> ./alumnimgmt.localhost/private/backups/20250506_180003-alumnimgmt_localhost-database.sql.gz

Backup Summary for alumnimgmt.localhost at 2025-05-06 18:00:04.083486
Config  : /home/pearl/alumnimgmtsystem/sites/alumnimgmt.localhost/private/backups/20250506_180003-alumnimgmt_localhost-site_config_backup.json 173.0B
Database: /home/pearl/alumnimgmtsystem/sites/alumnimgmt.localhost/private/backups/20250506_180003-alumnimgmt_localhost-database.sql.gz 534.4KiB
Backup for Site alumnimgmt.localhost has been successfully completed
Backup failed for Site library.localhost. Database or site_config.json may be corrupted
Traceback with variables (most recent call last):
  File "apps/frappe/frappe/commands/site.py", line 865, in backup
    odb = scheduled_backup(
      context = CliCtxObj(sites=['alumnimgmt.localhost', 'library.localhost'], force=False, profile=False, verbose=True)
      with_files = False
      backup_path = None
      backup_path_db = None
      backup_path_files = None
      backup_path_private_files = None
      backup_path_conf = None
      ignore_backup_conf = False
      verbose = True
      compress = False
      include = ''
      exclude = ''
      old_backup_metadata = False
      scheduled_backup = <function scheduled_backup at 0x74b6c0e3b880>
      exit_code = 0
      rollback_callback = None
      site = 'library.localhost'
      odb = <frappe.utils.backups.BackupGenerator object at 0x74b6c01e3e00>
  File "apps/frappe/frappe/utils/backups.py", line 589, in scheduled_backup
    return new_backup(
      older_than = 6
      ignore_files = True
      backup_path = None
      backup_path_db = None
      backup_path_files = None
      backup_path_private_files = None
      backup_path_conf = None
      ignore_conf = False
      include_doctypes = ''
      exclude_doctypes = ''
      compress = False
      force = True
      verbose = True
      old_backup_metadata = False
      rollback_callback = <frappe.utils.CallbackManager object at 0x74b6c02afcd0>
  File "apps/frappe/frappe/utils/backups.py", line 626, in new_backup
    odb = BackupGenerator(
      older_than = 6
      ignore_files = True
      backup_path = None
      backup_path_db = None
      backup_path_files = None
      backup_path_private_files = None
      backup_path_conf = None
      ignore_conf = False
      include_doctypes = ''
      exclude_doctypes = ''
      compress = False
      force = True
      verbose = True
      old_backup_metadata = False
      rollback_callback = <frappe.utils.CallbackManager object at 0x74b6c02afcd0>
  File "apps/frappe/frappe/utils/backups.py", line 89, in __init__
    self.setup_backup_tables()
      self = <frappe.utils.backups.BackupGenerator object at 0x74b6c02afb30>
      db_name = '_9a54aa6450761df8'
      user = '_9a54aa6450761df8'
      password = ********
      backup_path = None
      backup_path_db = None
      backup_path_files = None
      backup_path_private_files = None
      db_socket = None
      db_host = '127.0.0.1'
      db_port = 3306
      db_type = 'mariadb'
      backup_path_conf = None
      ignore_conf = False
      compress_files = False
      include_doctypes = ''
      exclude_doctypes = ''
      verbose = True
      old_backup_metadata = False
      rollback_callback = <frappe.utils.CallbackManager object at 0x74b6c02afcd0>
      site = 'library.localhost'
  File "apps/frappe/frappe/utils/backups.py", line 126, in setup_backup_tables
    self._set_existing_tables()
      self = <frappe.utils.backups.BackupGenerator object at 0x74b6c02afb30>
  File "apps/frappe/frappe/utils/backups.py", line 122, in _set_existing_tables
    self._existing_tables = frappe.db.get_tables()
      self = <frappe.utils.backups.BackupGenerator object at 0x74b6c02afb30>
  File "apps/frappe/frappe/database/mariadb/database.py", line 485, in get_tables
    .run(pluck=True)
      self = <frappe.database.mariadb.database.MariaDBDatabase object at 0x74b6c01e1400>
      cached = True
      to_query = True
      tables = None
      information_schema = <pypika.queries.Schema object at 0x74b6c02af980>
  File "apps/frappe/frappe/query_builder/utils.py", line 80, in execute_query
    result = frappe.db.sql(query, params, *args, **kwargs)  # nosemgrep
      query = 'SELECT `table_name` FROM `information_schema`.`tables` WHERE `table_schema`=%(param1)s'
      args = ()
      kwargs = {'pluck': True}
      child_queries = []
      params = {'param1': '_9a54aa6450761df8'}
  File "apps/frappe/frappe/database/database.py", line 237, in sql
    self.connect()
      self = <frappe.database.mariadb.database.MariaDBDatabase object at 0x74b6c01e1400>
      query = 'SELECT `table_name` FROM `information_schema`.`tables` WHERE `table_schema`=%(param1)s'
      values = {'param1': '_9a54aa6450761df8'}
      as_dict = 0
      as_list = 0
      debug = False
      ignore_ddl = 0
      auto_commit = 0
      update = None
      explain = False
      run = True
      pluck = True
      as_iterator = False
      query_type = 'select'
  File "apps/frappe/frappe/database/database.py", line 135, in connect
    self.get_connection()
      self = <frappe.database.mariadb.database.MariaDBDatabase object at 0x74b6c01e1400>
  File "apps/frappe/frappe/database/mariadb/database.py", line 105, in get_connection
    conn = self._get_connection()
      self = <frappe.database.mariadb.database.MariaDBDatabase object at 0x74b6c01e1400>
  File "apps/frappe/frappe/database/mariadb/database.py", line 111, in _get_connection
    return self.create_connection()
      self = <frappe.database.mariadb.database.MariaDBDatabase object at 0x74b6c01e1400>
  File "apps/frappe/frappe/database/mariadb/database.py", line 114, in create_connection
    return pymysql.connect(**self.get_connection_settings())
      self = <frappe.database.mariadb.database.MariaDBDatabase object at 0x74b6c01e1400>
  File "env/lib/python3.12/site-packages/pymysql/connections.py", line 361, in __init__
    self.connect()
      self = <pymysql.connections.Connection object at 0x74b6c0e53440>
      user = '_9a54aa6450761df8'
      password = ********
      host = '127.0.0.1'
      database = '_9a54aa6450761df8'
      unix_socket = None
      port = 3306
      charset = 'utf8mb4'
      collation = 'utf8mb4_unicode_ci'
      sql_mode = None
      read_default_file = None
      conv = {<class 'bool'>: <function escape_bool at 0x74b6c033d120>, <class 'int'>: <function escape_int at 0x74b6c033d1c0>, <class 'float'>: <function escape_float at 0x74b6c033d260>, <class 'str'>: <function escape_str at 0x74b6c033d4e0>, <class 'bytes'>: <function escape_bytes at 0x74b6c033d440>, <class 'tuple'>: <function escape_sequence at 0x74b6c033cfe0>, <class 'list'>: <function escape_sequence at 0x74b6c033cfe0>, <class 'set'>: <function escape_sequence at 0x74b6c033cfe0>, <class 'frozenset'>: <function escape_sequence at 0x74b6c033cfe0>, <class 'dict'>: <function escape_dict at 0x74b6c033cf40>, <class 'NoneType'>: <function escape_None at 0x74b6c033d580>, <class 'datetime.date'>: <function escape_date at 0x74b6c033d800>, <class 'datetime.datetime'>: <function escape_datetime at 0x74b6c033d760>, <class 'datetime.timedelta'>: <function escape_timedelta at 0x74b6c033d620>, <class 'datetime.time'>: <function escape_time at 0x74b6c033d6c0>, <class 'time.struct_time'>: <function escape_struc...
      use_unicode = True
      client_flag = 3842573
      cursorclass = <class 'pymysql.cursors.Cursor'>
      init_command = None
      connect_timeout = 10
      read_default_group = None
      autocommit = False
      local_infile = False
      max_allowed_packet = 16777216
      defer_connect = False
      auth_plugin_map = None
      read_timeout = None
      write_timeout = None
      bind_address = None
      binary_prefix = False
      program_name = None
      server_public_key = ********
      ssl = None
      ssl_ca = None
      ssl_cert = None
      ssl_disabled = None
      ssl_key = ********
      ssl_key_password = ********
      ssl_verify_cert = None
      ssl_verify_identity = None
      compress = None
      named_pipe = None
      passwd = ********
      db = None
  File "env/lib/python3.12/site-packages/pymysql/connections.py", line 669, in connect
    self._request_authentication()
      self = <pymysql.connections.Connection object at 0x74b6c0e53440>
      sock = <socket.socket [closed] fd=-1, family=2, type=1, proto=6>
      kwargs = {}
  File "env/lib/python3.12/site-packages/pymysql/connections.py", line 957, in _request_authentication
    auth_packet = self._read_packet()
      self = <pymysql.connections.Connection object at 0x74b6c0e53440>
      charset_id = 45
      data_init = b'\r\xa2:\x00\xff\xff\xff\x00-\x00\x00\x00\x00\x00\x00\x00\x00\x00\x00\x00\x00\x00\x00\x00\x00\x00\x00\x00\x00\x00\x00\x00'
      data = b'\r\xa2:\x00\xff\xff\xff\x00-\x00\x00\x00\x00\x00\x00\x00\x00\x00\x00\x00\x00\x00\x00\x00\x00\x00\x00\x00\x00\x00\x00\x00_9a54aa6450761df8\x00\x14\x9e\xb5\xcc\xdcIq\x07\xd7xN\xceI>O$\xa7\xf9.\xe6\x07_9a54aa6450761df8\x00mysql_native_password\x006\x0c_client_name\x07pymysql\x0f_client_version\x051.1.1\x04_pid\x0510048'
      authresp = b'\x9e\xb5\xcc\xdcIq\x07\xd7xN\xceI>O$\xa7\xf9.\xe6\x07'
      plugin_name = b'mysql_native_password'
      connect_attrs = b'\x0c_client_name\x07pymysql\x0f_client_version\x051.1.1\x04_pid\x0510048'
      k = b'_pid'
      v = b'10048'
  File "env/lib/python3.12/site-packages/pymysql/connections.py", line 775, in _read_packet
    packet.raise_for_error()
      self = <pymysql.connections.Connection object at 0x74b6c0e53440>
      packet_type = <class 'pymysql.protocol.MysqlPacket'>
      buff = bytearray(b"\xff\x15\x04#28000Access denied for user \'_9a54aa6450761df8\'@\'localhost\' (using password: YES)")
      packet_header = b'U\x00\x00\x02'
      btrl = 85
      btrh = 0
      packet_number = 2
      bytes_to_read = 85
      recv_data = b"\xff\x15\x04#28000Access denied for user '_9a54aa6450761df8'@'localhost' (using password: YES)"
      packet = <pymysql.protocol.MysqlPacket object at 0x74b6bfb23730>
  File "env/lib/python3.12/site-packages/pymysql/protocol.py", line 219, in raise_for_error
    err.raise_mysql_exception(self._data)
      self = <pymysql.protocol.MysqlPacket object at 0x74b6bfb23730>
      errno = 1045
  File "env/lib/python3.12/site-packages/pymysql/err.py", line 150, in raise_mysql_exception
    raise errorclass(errno, errval)
      data = b"\xff\x15\x04#28000Access denied for user '_9a54aa6450761df8'@'localhost' (using password: YES)"
      errno = 1045
      errval = "Access denied for user '_9a54aa6450761df8'@'localhost' (using password: YES)"
      errorclass = <class 'pymysql.err.OperationalError'>
pymysql.err.OperationalError: (1045, "Access denied for user '_9a54aa6450761df8'@'localhost' (using password: YES)")
set -o pipefail; /usr/bin/mariadb-dump --user=_3459fc20e3de2b0c --host=127.0.0.1 --port=3306 --password=********** --single-transaction --quick --lock-tables=false _3459fc20e3de2b0c | /usr/bin/gzip >> ./alumnimgmt.localhost/private/backups/20250507_120003-alumnimgmt_localhost-database.sql.gz

Backup Summary for alumnimgmt.localhost at 2025-05-07 12:00:04.217715
Config  : /home/pearl/alumnimgmtsystem/sites/alumnimgmt.localhost/private/backups/20250507_120003-alumnimgmt_localhost-site_config_backup.json 173.0B
Database: /home/pearl/alumnimgmtsystem/sites/alumnimgmt.localhost/private/backups/20250507_120003-alumnimgmt_localhost-database.sql.gz 534.4KiB
Backup for Site alumnimgmt.localhost has been successfully completed
Backup failed for Site library.localhost. Database or site_config.json may be corrupted
Traceback with variables (most recent call last):
  File "apps/frappe/frappe/commands/site.py", line 865, in backup
    odb = scheduled_backup(
      context = CliCtxObj(sites=['alumnimgmt.localhost', 'library.localhost'], force=False, profile=False, verbose=True)
      with_files = False
      backup_path = None
      backup_path_db = None
      backup_path_files = None
      backup_path_private_files = None
      backup_path_conf = None
      ignore_backup_conf = False
      verbose = True
      compress = False
      include = ''
      exclude = ''
      old_backup_metadata = False
      scheduled_backup = <function scheduled_backup at 0x7332c4d47880>
      exit_code = 0
      rollback_callback = None
      site = 'library.localhost'
      odb = <frappe.utils.backups.BackupGenerator object at 0x7332c50aaa20>
  File "apps/frappe/frappe/utils/backups.py", line 589, in scheduled_backup
    return new_backup(
      older_than = 6
      ignore_files = True
      backup_path = None
      backup_path_db = None
      backup_path_files = None
      backup_path_private_files = None
      backup_path_conf = None
      ignore_conf = False
      include_doctypes = ''
      exclude_doctypes = ''
      compress = False
      force = True
      verbose = True
      old_backup_metadata = False
      rollback_callback = <frappe.utils.CallbackManager object at 0x7332c4047fa0>
  File "apps/frappe/frappe/utils/backups.py", line 626, in new_backup
    odb = BackupGenerator(
      older_than = 6
      ignore_files = True
      backup_path = None
      backup_path_db = None
      backup_path_files = None
      backup_path_private_files = None
      backup_path_conf = None
      ignore_conf = False
      include_doctypes = ''
      exclude_doctypes = ''
      compress = False
      force = True
      verbose = True
      old_backup_metadata = False
      rollback_callback = <frappe.utils.CallbackManager object at 0x7332c4047fa0>
  File "apps/frappe/frappe/utils/backups.py", line 89, in __init__
    self.setup_backup_tables()
      self = <frappe.utils.backups.BackupGenerator object at 0x7332c4047da0>
      db_name = '_9a54aa6450761df8'
      user = '_9a54aa6450761df8'
      password = ********
      backup_path = None
      backup_path_db = None
      backup_path_files = None
      backup_path_private_files = None
      db_socket = None
      db_host = '127.0.0.1'
      db_port = 3306
      db_type = 'mariadb'
      backup_path_conf = None
      ignore_conf = False
      compress_files = False
      include_doctypes = ''
      exclude_doctypes = ''
      verbose = True
      old_backup_metadata = False
      rollback_callback = <frappe.utils.CallbackManager object at 0x7332c4047fa0>
      site = 'library.localhost'
  File "apps/frappe/frappe/utils/backups.py", line 126, in setup_backup_tables
    self._set_existing_tables()
      self = <frappe.utils.backups.BackupGenerator object at 0x7332c4047da0>
  File "apps/frappe/frappe/utils/backups.py", line 122, in _set_existing_tables
    self._existing_tables = frappe.db.get_tables()
      self = <frappe.utils.backups.BackupGenerator object at 0x7332c4047da0>
  File "apps/frappe/frappe/database/mariadb/database.py", line 485, in get_tables
    .run(pluck=True)
      self = <frappe.database.mariadb.database.MariaDBDatabase object at 0x7332c5cb53a0>
      cached = True
      to_query = True
      tables = None
      information_schema = <pypika.queries.Schema object at 0x7332c4055460>
  File "apps/frappe/frappe/query_builder/utils.py", line 80, in execute_query
    result = frappe.db.sql(query, params, *args, **kwargs)  # nosemgrep
      query = 'SELECT `table_name` FROM `information_schema`.`tables` WHERE `table_schema`=%(param1)s'
      args = ()
      kwargs = {'pluck': True}
      child_queries = []
      params = {'param1': '_9a54aa6450761df8'}
  File "apps/frappe/frappe/database/database.py", line 237, in sql
    self.connect()
      self = <frappe.database.mariadb.database.MariaDBDatabase object at 0x7332c5cb53a0>
      query = 'SELECT `table_name` FROM `information_schema`.`tables` WHERE `table_schema`=%(param1)s'
      values = {'param1': '_9a54aa6450761df8'}
      as_dict = 0
      as_list = 0
      debug = False
      ignore_ddl = 0
      auto_commit = 0
      update = None
      explain = False
      run = True
      pluck = True
      as_iterator = False
      query_type = 'select'
  File "apps/frappe/frappe/database/database.py", line 135, in connect
    self.get_connection()
      self = <frappe.database.mariadb.database.MariaDBDatabase object at 0x7332c5cb53a0>
  File "apps/frappe/frappe/database/mariadb/database.py", line 105, in get_connection
    conn = self._get_connection()
      self = <frappe.database.mariadb.database.MariaDBDatabase object at 0x7332c5cb53a0>
  File "apps/frappe/frappe/database/mariadb/database.py", line 111, in _get_connection
    return self.create_connection()
      self = <frappe.database.mariadb.database.MariaDBDatabase object at 0x7332c5cb53a0>
  File "apps/frappe/frappe/database/mariadb/database.py", line 114, in create_connection
    return pymysql.connect(**self.get_connection_settings())
      self = <frappe.database.mariadb.database.MariaDBDatabase object at 0x7332c5cb53a0>
  File "env/lib/python3.12/site-packages/pymysql/connections.py", line 361, in __init__
    self.connect()
      self = <pymysql.connections.Connection object at 0x7332c4054350>
      user = '_9a54aa6450761df8'
      password = ********
      host = '127.0.0.1'
      database = '_9a54aa6450761df8'
      unix_socket = None
      port = 3306
      charset = 'utf8mb4'
      collation = 'utf8mb4_unicode_ci'
      sql_mode = None
      read_default_file = None
      conv = {<class 'bool'>: <function escape_bool at 0x7332c4c09120>, <class 'int'>: <function escape_int at 0x7332c4c091c0>, <class 'float'>: <function escape_float at 0x7332c4c09260>, <class 'str'>: <function escape_str at 0x7332c4c094e0>, <class 'bytes'>: <function escape_bytes at 0x7332c4c09440>, <class 'tuple'>: <function escape_sequence at 0x7332c4c08fe0>, <class 'list'>: <function escape_sequence at 0x7332c4c08fe0>, <class 'set'>: <function escape_sequence at 0x7332c4c08fe0>, <class 'frozenset'>: <function escape_sequence at 0x7332c4c08fe0>, <class 'dict'>: <function escape_dict at 0x7332c4c08f40>, <class 'NoneType'>: <function escape_None at 0x7332c4c09580>, <class 'datetime.date'>: <function escape_date at 0x7332c4c09800>, <class 'datetime.datetime'>: <function escape_datetime at 0x7332c4c09760>, <class 'datetime.timedelta'>: <function escape_timedelta at 0x7332c4c09620>, <class 'datetime.time'>: <function escape_time at 0x7332c4c096c0>, <class 'time.struct_time'>: <function escape_struc...
      use_unicode = True
      client_flag = 3842573
      cursorclass = <class 'pymysql.cursors.Cursor'>
      init_command = None
      connect_timeout = 10
      read_default_group = None
      autocommit = False
      local_infile = False
      max_allowed_packet = 16777216
      defer_connect = False
      auth_plugin_map = None
      read_timeout = None
      write_timeout = None
      bind_address = None
      binary_prefix = False
      program_name = None
      server_public_key = ********
      ssl = None
      ssl_ca = None
      ssl_cert = None
      ssl_disabled = None
      ssl_key = ********
      ssl_key_password = ********
      ssl_verify_cert = None
      ssl_verify_identity = None
      compress = None
      named_pipe = None
      passwd = ********
      db = None
  File "env/lib/python3.12/site-packages/pymysql/connections.py", line 669, in connect
    self._request_authentication()
      self = <pymysql.connections.Connection object at 0x7332c4054350>
      sock = <socket.socket [closed] fd=-1, family=2, type=1, proto=6>
      kwargs = {}
  File "env/lib/python3.12/site-packages/pymysql/connections.py", line 957, in _request_authentication
    auth_packet = self._read_packet()
      self = <pymysql.connections.Connection object at 0x7332c4054350>
      charset_id = 45
      data_init = b'\r\xa2:\x00\xff\xff\xff\x00-\x00\x00\x00\x00\x00\x00\x00\x00\x00\x00\x00\x00\x00\x00\x00\x00\x00\x00\x00\x00\x00\x00\x00'
      data = b'\r\xa2:\x00\xff\xff\xff\x00-\x00\x00\x00\x00\x00\x00\x00\x00\x00\x00\x00\x00\x00\x00\x00\x00\x00\x00\x00\x00\x00\x00\x00_9a54aa6450761df8\x00\x14\x19\x8c\xefv\xb6\xa8z\x11\xaf\xed\x94\x11\xdco\x8b\x12\xc3\xd5\xcd\xca_9a54aa6450761df8\x00mysql_native_password\x005\x0c_client_name\x07pymysql\x0f_client_version\x051.1.1\x04_pid\x044501'
      authresp = b'\x19\x8c\xefv\xb6\xa8z\x11\xaf\xed\x94\x11\xdco\x8b\x12\xc3\xd5\xcd\xca'
      plugin_name = b'mysql_native_password'
      connect_attrs = b'\x0c_client_name\x07pymysql\x0f_client_version\x051.1.1\x04_pid\x044501'
      k = b'_pid'
      v = b'4501'
  File "env/lib/python3.12/site-packages/pymysql/connections.py", line 775, in _read_packet
    packet.raise_for_error()
      self = <pymysql.connections.Connection object at 0x7332c4054350>
      packet_type = <class 'pymysql.protocol.MysqlPacket'>
      buff = bytearray(b"\xff\x15\x04#28000Access denied for user \'_9a54aa6450761df8\'@\'localhost\' (using password: YES)")
      packet_header = b'U\x00\x00\x02'
      btrl = 85
      btrh = 0
      packet_number = 2
      bytes_to_read = 85
      recv_data = b"\xff\x15\x04#28000Access denied for user '_9a54aa6450761df8'@'localhost' (using password: YES)"
      packet = <pymysql.protocol.MysqlPacket object at 0x7332c40541f0>
  File "env/lib/python3.12/site-packages/pymysql/protocol.py", line 219, in raise_for_error
    err.raise_mysql_exception(self._data)
      self = <pymysql.protocol.MysqlPacket object at 0x7332c40541f0>
      errno = 1045
  File "env/lib/python3.12/site-packages/pymysql/err.py", line 150, in raise_mysql_exception
    raise errorclass(errno, errval)
      data = b"\xff\x15\x04#28000Access denied for user '_9a54aa6450761df8'@'localhost' (using password: YES)"
      errno = 1045
      errval = "Access denied for user '_9a54aa6450761df8'@'localhost' (using password: YES)"
      errorclass = <class 'pymysql.err.OperationalError'>
pymysql.err.OperationalError: (1045, "Access denied for user '_9a54aa6450761df8'@'localhost' (using password: YES)")
set -o pipefail; /usr/bin/mariadb-dump --user=_3459fc20e3de2b0c --host=127.0.0.1 --port=3306 --password=********** --single-transaction --quick --lock-tables=false _3459fc20e3de2b0c | /usr/bin/gzip >> ./alumnimgmt.localhost/private/backups/20250507_180003-alumnimgmt_localhost-database.sql.gz

Backup Summary for alumnimgmt.localhost at 2025-05-07 18:00:04.814046
Config  : /home/pearl/alumnimgmtsystem/sites/alumnimgmt.localhost/private/backups/20250507_180003-alumnimgmt_localhost-site_config_backup.json 173.0B
Database: /home/pearl/alumnimgmtsystem/sites/alumnimgmt.localhost/private/backups/20250507_180003-alumnimgmt_localhost-database.sql.gz 534.4KiB
Backup for Site alumnimgmt.localhost has been successfully completed
Backup failed for Site library.localhost. Database or site_config.json may be corrupted
Traceback with variables (most recent call last):
  File "apps/frappe/frappe/commands/site.py", line 865, in backup
    odb = scheduled_backup(
      context = CliCtxObj(sites=['alumnimgmt.localhost', 'library.localhost'], force=False, profile=False, verbose=True)
      with_files = False
      backup_path = None
      backup_path_db = None
      backup_path_files = None
      backup_path_private_files = None
      backup_path_conf = None
      ignore_backup_conf = False
      verbose = True
      compress = False
      include = ''
      exclude = ''
      old_backup_metadata = False
      scheduled_backup = <function scheduled_backup at 0x70988d537880>
      exit_code = 0
      rollback_callback = None
      site = 'library.localhost'
      odb = <frappe.utils.backups.BackupGenerator object at 0x70988d620860>
  File "apps/frappe/frappe/utils/backups.py", line 589, in scheduled_backup
    return new_backup(
      older_than = 6
      ignore_files = True
      backup_path = None
      backup_path_db = None
      backup_path_files = None
      backup_path_private_files = None
      backup_path_conf = None
      ignore_conf = False
      include_doctypes = ''
      exclude_doctypes = ''
      compress = False
      force = True
      verbose = True
      old_backup_metadata = False
      rollback_callback = <frappe.utils.CallbackManager object at 0x70988c9e34f0>
  File "apps/frappe/frappe/utils/backups.py", line 626, in new_backup
    odb = BackupGenerator(
      older_than = 6
      ignore_files = True
      backup_path = None
      backup_path_db = None
      backup_path_files = None
      backup_path_private_files = None
      backup_path_conf = None
      ignore_conf = False
      include_doctypes = ''
      exclude_doctypes = ''
      compress = False
      force = True
      verbose = True
      old_backup_metadata = False
      rollback_callback = <frappe.utils.CallbackManager object at 0x70988c9e34f0>
  File "apps/frappe/frappe/utils/backups.py", line 89, in __init__
    self.setup_backup_tables()
      self = <frappe.utils.backups.BackupGenerator object at 0x70988c9e3e00>
      db_name = '_9a54aa6450761df8'
      user = '_9a54aa6450761df8'
      password = ********
      backup_path = None
      backup_path_db = None
      backup_path_files = None
      backup_path_private_files = None
      db_socket = None
      db_host = '127.0.0.1'
      db_port = 3306
      db_type = 'mariadb'
      backup_path_conf = None
      ignore_conf = False
      compress_files = False
      include_doctypes = ''
      exclude_doctypes = ''
      verbose = True
      old_backup_metadata = False
      rollback_callback = <frappe.utils.CallbackManager object at 0x70988c9e34f0>
      site = 'library.localhost'
  File "apps/frappe/frappe/utils/backups.py", line 126, in setup_backup_tables
    self._set_existing_tables()
      self = <frappe.utils.backups.BackupGenerator object at 0x70988c9e3e00>
  File "apps/frappe/frappe/utils/backups.py", line 122, in _set_existing_tables
    self._existing_tables = frappe.db.get_tables()
      self = <frappe.utils.backups.BackupGenerator object at 0x70988c9e3e00>
  File "apps/frappe/frappe/database/mariadb/database.py", line 485, in get_tables
    .run(pluck=True)
      self = <frappe.database.mariadb.database.MariaDBDatabase object at 0x70988d640c80>
      cached = True
      to_query = True
      tables = None
      information_schema = <pypika.queries.Schema object at 0x70988c824320>
  File "apps/frappe/frappe/query_builder/utils.py", line 80, in execute_query
    result = frappe.db.sql(query, params, *args, **kwargs)  # nosemgrep
      query = 'SELECT `table_name` FROM `information_schema`.`tables` WHERE `table_schema`=%(param1)s'
      args = ()
      kwargs = {'pluck': True}
      child_queries = []
      params = {'param1': '_9a54aa6450761df8'}
  File "apps/frappe/frappe/database/database.py", line 237, in sql
    self.connect()
      self = <frappe.database.mariadb.database.MariaDBDatabase object at 0x70988d640c80>
      query = 'SELECT `table_name` FROM `information_schema`.`tables` WHERE `table_schema`=%(param1)s'
      values = {'param1': '_9a54aa6450761df8'}
      as_dict = 0
      as_list = 0
      debug = False
      ignore_ddl = 0
      auto_commit = 0
      update = None
      explain = False
      run = True
      pluck = True
      as_iterator = False
      query_type = 'select'
  File "apps/frappe/frappe/database/database.py", line 135, in connect
    self.get_connection()
      self = <frappe.database.mariadb.database.MariaDBDatabase object at 0x70988d640c80>
  File "apps/frappe/frappe/database/mariadb/database.py", line 105, in get_connection
    conn = self._get_connection()
      self = <frappe.database.mariadb.database.MariaDBDatabase object at 0x70988d640c80>
  File "apps/frappe/frappe/database/mariadb/database.py", line 111, in _get_connection
    return self.create_connection()
      self = <frappe.database.mariadb.database.MariaDBDatabase object at 0x70988d640c80>
  File "apps/frappe/frappe/database/mariadb/database.py", line 114, in create_connection
    return pymysql.connect(**self.get_connection_settings())
      self = <frappe.database.mariadb.database.MariaDBDatabase object at 0x70988d640c80>
  File "env/lib/python3.12/site-packages/pymysql/connections.py", line 361, in __init__
    self.connect()
      self = <pymysql.connections.Connection object at 0x70988c577b30>
      user = '_9a54aa6450761df8'
      password = ********
      host = '127.0.0.1'
      database = '_9a54aa6450761df8'
      unix_socket = None
      port = 3306
      charset = 'utf8mb4'
      collation = 'utf8mb4_unicode_ci'
      sql_mode = None
      read_default_file = None
      conv = {<class 'bool'>: <function escape_bool at 0x70988d3f9120>, <class 'int'>: <function escape_int at 0x70988d3f91c0>, <class 'float'>: <function escape_float at 0x70988d3f9260>, <class 'str'>: <function escape_str at 0x70988d3f94e0>, <class 'bytes'>: <function escape_bytes at 0x70988d3f9440>, <class 'tuple'>: <function escape_sequence at 0x70988d3f8fe0>, <class 'list'>: <function escape_sequence at 0x70988d3f8fe0>, <class 'set'>: <function escape_sequence at 0x70988d3f8fe0>, <class 'frozenset'>: <function escape_sequence at 0x70988d3f8fe0>, <class 'dict'>: <function escape_dict at 0x70988d3f8f40>, <class 'NoneType'>: <function escape_None at 0x70988d3f9580>, <class 'datetime.date'>: <function escape_date at 0x70988d3f9800>, <class 'datetime.datetime'>: <function escape_datetime at 0x70988d3f9760>, <class 'datetime.timedelta'>: <function escape_timedelta at 0x70988d3f9620>, <class 'datetime.time'>: <function escape_time at 0x70988d3f96c0>, <class 'time.struct_time'>: <function escape_struc...
      use_unicode = True
      client_flag = 3842573
      cursorclass = <class 'pymysql.cursors.Cursor'>
      init_command = None
      connect_timeout = 10
      read_default_group = None
      autocommit = False
      local_infile = False
      max_allowed_packet = 16777216
      defer_connect = False
      auth_plugin_map = None
      read_timeout = None
      write_timeout = None
      bind_address = None
      binary_prefix = False
      program_name = None
      server_public_key = ********
      ssl = None
      ssl_ca = None
      ssl_cert = None
      ssl_disabled = None
      ssl_key = ********
      ssl_key_password = ********
      ssl_verify_cert = None
      ssl_verify_identity = None
      compress = None
      named_pipe = None
      passwd = ********
      db = None
  File "env/lib/python3.12/site-packages/pymysql/connections.py", line 669, in connect
    self._request_authentication()
      self = <pymysql.connections.Connection object at 0x70988c577b30>
      sock = <socket.socket [closed] fd=-1, family=2, type=1, proto=6>
      kwargs = {}
  File "env/lib/python3.12/site-packages/pymysql/connections.py", line 957, in _request_authentication
    auth_packet = self._read_packet()
      self = <pymysql.connections.Connection object at 0x70988c577b30>
      charset_id = 45
      data_init = b'\r\xa2:\x00\xff\xff\xff\x00-\x00\x00\x00\x00\x00\x00\x00\x00\x00\x00\x00\x00\x00\x00\x00\x00\x00\x00\x00\x00\x00\x00\x00'
      data = b'\r\xa2:\x00\xff\xff\xff\x00-\x00\x00\x00\x00\x00\x00\x00\x00\x00\x00\x00\x00\x00\x00\x00\x00\x00\x00\x00\x00\x00\x00\x00_9a54aa6450761df8\x00\x14\r\xafD\x12&\xc7?\xb2\x0f,\xe1\xae]}\xf7t\xbd\xf8U\xeb_9a54aa6450761df8\x00mysql_native_password\x005\x0c_client_name\x07pymysql\x0f_client_version\x051.1.1\x04_pid\x046969'
      authresp = b'\r\xafD\x12&\xc7?\xb2\x0f,\xe1\xae]}\xf7t\xbd\xf8U\xeb'
      plugin_name = b'mysql_native_password'
      connect_attrs = b'\x0c_client_name\x07pymysql\x0f_client_version\x051.1.1\x04_pid\x046969'
      k = b'_pid'
      v = b'6969'
  File "env/lib/python3.12/site-packages/pymysql/connections.py", line 775, in _read_packet
    packet.raise_for_error()
      self = <pymysql.connections.Connection object at 0x70988c577b30>
      packet_type = <class 'pymysql.protocol.MysqlPacket'>
      buff = bytearray(b"\xff\x15\x04#28000Access denied for user \'_9a54aa6450761df8\'@\'localhost\' (using password: YES)")
      packet_header = b'U\x00\x00\x02'
      btrl = 85
      btrh = 0
      packet_number = 2
      bytes_to_read = 85
      recv_data = b"\xff\x15\x04#28000Access denied for user '_9a54aa6450761df8'@'localhost' (using password: YES)"
      packet = <pymysql.protocol.MysqlPacket object at 0x70988c9505e0>
  File "env/lib/python3.12/site-packages/pymysql/protocol.py", line 219, in raise_for_error
    err.raise_mysql_exception(self._data)
      self = <pymysql.protocol.MysqlPacket object at 0x70988c9505e0>
      errno = 1045
  File "env/lib/python3.12/site-packages/pymysql/err.py", line 150, in raise_mysql_exception
    raise errorclass(errno, errval)
      data = b"\xff\x15\x04#28000Access denied for user '_9a54aa6450761df8'@'localhost' (using password: YES)"
      errno = 1045
      errval = "Access denied for user '_9a54aa6450761df8'@'localhost' (using password: YES)"
      errorclass = <class 'pymysql.err.OperationalError'>
pymysql.err.OperationalError: (1045, "Access denied for user '_9a54aa6450761df8'@'localhost' (using password: YES)")
set -o pipefail; /usr/bin/mariadb-dump --user=_3459fc20e3de2b0c --host=127.0.0.1 --port=3306 --password=********** --single-transaction --quick --lock-tables=false _3459fc20e3de2b0c | /usr/bin/gzip >> ./alumnimgmt.localhost/private/backups/20250509_180003-alumnimgmt_localhost-database.sql.gz

Backup Summary for alumnimgmt.localhost at 2025-05-09 18:00:03.796356
Config  : /home/pearl/alumnimgmtsystem/sites/alumnimgmt.localhost/private/backups/20250509_180003-alumnimgmt_localhost-site_config_backup.json 173.0B
Database: /home/pearl/alumnimgmtsystem/sites/alumnimgmt.localhost/private/backups/20250509_180003-alumnimgmt_localhost-database.sql.gz 534.4KiB
Backup for Site alumnimgmt.localhost has been successfully completed
Backup failed for Site library.localhost. Database or site_config.json may be corrupted
Traceback with variables (most recent call last):
  File "apps/frappe/frappe/commands/site.py", line 865, in backup
    odb = scheduled_backup(
      context = CliCtxObj(sites=['alumnimgmt.localhost', 'library.localhost'], force=False, profile=False, verbose=True)
      with_files = False
      backup_path = None
      backup_path_db = None
      backup_path_files = None
      backup_path_private_files = None
      backup_path_conf = None
      ignore_backup_conf = False
      verbose = True
      compress = False
      include = ''
      exclude = ''
      old_backup_metadata = False
      scheduled_backup = <function scheduled_backup at 0x75b552347880>
      exit_code = 0
      rollback_callback = None
      site = 'library.localhost'
      odb = <frappe.utils.backups.BackupGenerator object at 0x75b5526aaa20>
  File "apps/frappe/frappe/utils/backups.py", line 589, in scheduled_backup
    return new_backup(
      older_than = 6
      ignore_files = True
      backup_path = None
      backup_path_db = None
      backup_path_files = None
      backup_path_private_files = None
      backup_path_conf = None
      ignore_conf = False
      include_doctypes = ''
      exclude_doctypes = ''
      compress = False
      force = True
      verbose = True
      old_backup_metadata = False
      rollback_callback = <frappe.utils.CallbackManager object at 0x75b55172d4b0>
  File "apps/frappe/frappe/utils/backups.py", line 626, in new_backup
    odb = BackupGenerator(
      older_than = 6
      ignore_files = True
      backup_path = None
      backup_path_db = None
      backup_path_files = None
      backup_path_private_files = None
      backup_path_conf = None
      ignore_conf = False
      include_doctypes = ''
      exclude_doctypes = ''
      compress = False
      force = True
      verbose = True
      old_backup_metadata = False
      rollback_callback = <frappe.utils.CallbackManager object at 0x75b55172d4b0>
  File "apps/frappe/frappe/utils/backups.py", line 89, in __init__
    self.setup_backup_tables()
      self = <frappe.utils.backups.BackupGenerator object at 0x75b55172d580>
      db_name = '_9a54aa6450761df8'
      user = '_9a54aa6450761df8'
      password = ********
      backup_path = None
      backup_path_db = None
      backup_path_files = None
      backup_path_private_files = None
      db_socket = None
      db_host = '127.0.0.1'
      db_port = 3306
      db_type = 'mariadb'
      backup_path_conf = None
      ignore_conf = False
      compress_files = False
      include_doctypes = ''
      exclude_doctypes = ''
      verbose = True
      old_backup_metadata = False
      rollback_callback = <frappe.utils.CallbackManager object at 0x75b55172d4b0>
      site = 'library.localhost'
  File "apps/frappe/frappe/utils/backups.py", line 126, in setup_backup_tables
    self._set_existing_tables()
      self = <frappe.utils.backups.BackupGenerator object at 0x75b55172d580>
  File "apps/frappe/frappe/utils/backups.py", line 122, in _set_existing_tables
    self._existing_tables = frappe.db.get_tables()
      self = <frappe.utils.backups.BackupGenerator object at 0x75b55172d580>
  File "apps/frappe/frappe/database/mariadb/database.py", line 485, in get_tables
    .run(pluck=True)
      self = <frappe.database.mariadb.database.MariaDBDatabase object at 0x75b551407d70>
      cached = True
      to_query = True
      tables = None
      information_schema = <pypika.queries.Schema object at 0x75b5517c42c0>
  File "apps/frappe/frappe/query_builder/utils.py", line 80, in execute_query
    result = frappe.db.sql(query, params, *args, **kwargs)  # nosemgrep
      query = 'SELECT `table_name` FROM `information_schema`.`tables` WHERE `table_schema`=%(param1)s'
      args = ()
      kwargs = {'pluck': True}
      child_queries = []
      params = {'param1': '_9a54aa6450761df8'}
  File "apps/frappe/frappe/database/database.py", line 237, in sql
    self.connect()
      self = <frappe.database.mariadb.database.MariaDBDatabase object at 0x75b551407d70>
      query = 'SELECT `table_name` FROM `information_schema`.`tables` WHERE `table_schema`=%(param1)s'
      values = {'param1': '_9a54aa6450761df8'}
      as_dict = 0
      as_list = 0
      debug = False
      ignore_ddl = 0
      auto_commit = 0
      update = None
      explain = False
      run = True
      pluck = True
      as_iterator = False
      query_type = 'select'
  File "apps/frappe/frappe/database/database.py", line 135, in connect
    self.get_connection()
      self = <frappe.database.mariadb.database.MariaDBDatabase object at 0x75b551407d70>
  File "apps/frappe/frappe/database/mariadb/database.py", line 105, in get_connection
    conn = self._get_connection()
      self = <frappe.database.mariadb.database.MariaDBDatabase object at 0x75b551407d70>
  File "apps/frappe/frappe/database/mariadb/database.py", line 111, in _get_connection
    return self.create_connection()
      self = <frappe.database.mariadb.database.MariaDBDatabase object at 0x75b551407d70>
  File "apps/frappe/frappe/database/mariadb/database.py", line 114, in create_connection
    return pymysql.connect(**self.get_connection_settings())
      self = <frappe.database.mariadb.database.MariaDBDatabase object at 0x75b551407d70>
  File "env/lib/python3.12/site-packages/pymysql/connections.py", line 361, in __init__
    self.connect()
      self = <pymysql.connections.Connection object at 0x75b553dbf800>
      user = '_9a54aa6450761df8'
      password = ********
      host = '127.0.0.1'
      database = '_9a54aa6450761df8'
      unix_socket = None
      port = 3306
      charset = 'utf8mb4'
      collation = 'utf8mb4_unicode_ci'
      sql_mode = None
      read_default_file = None
      conv = {<class 'bool'>: <function escape_bool at 0x75b552209120>, <class 'int'>: <function escape_int at 0x75b5522091c0>, <class 'float'>: <function escape_float at 0x75b552209260>, <class 'str'>: <function escape_str at 0x75b5522094e0>, <class 'bytes'>: <function escape_bytes at 0x75b552209440>, <class 'tuple'>: <function escape_sequence at 0x75b552208fe0>, <class 'list'>: <function escape_sequence at 0x75b552208fe0>, <class 'set'>: <function escape_sequence at 0x75b552208fe0>, <class 'frozenset'>: <function escape_sequence at 0x75b552208fe0>, <class 'dict'>: <function escape_dict at 0x75b552208f40>, <class 'NoneType'>: <function escape_None at 0x75b552209580>, <class 'datetime.date'>: <function escape_date at 0x75b552209800>, <class 'datetime.datetime'>: <function escape_datetime at 0x75b552209760>, <class 'datetime.timedelta'>: <function escape_timedelta at 0x75b552209620>, <class 'datetime.time'>: <function escape_time at 0x75b5522096c0>, <class 'time.struct_time'>: <function escape_struc...
      use_unicode = True
      client_flag = 3842573
      cursorclass = <class 'pymysql.cursors.Cursor'>
      init_command = None
      connect_timeout = 10
      read_default_group = None
      autocommit = False
      local_infile = False
      max_allowed_packet = 16777216
      defer_connect = False
      auth_plugin_map = None
      read_timeout = None
      write_timeout = None
      bind_address = None
      binary_prefix = False
      program_name = None
      server_public_key = ********
      ssl = None
      ssl_ca = None
      ssl_cert = None
      ssl_disabled = None
      ssl_key = ********
      ssl_key_password = ********
      ssl_verify_cert = None
      ssl_verify_identity = None
      compress = None
      named_pipe = None
      passwd = ********
      db = None
  File "env/lib/python3.12/site-packages/pymysql/connections.py", line 669, in connect
    self._request_authentication()
      self = <pymysql.connections.Connection object at 0x75b553dbf800>
      sock = <socket.socket [closed] fd=-1, family=2, type=1, proto=6>
      kwargs = {}
  File "env/lib/python3.12/site-packages/pymysql/connections.py", line 957, in _request_authentication
    auth_packet = self._read_packet()
      self = <pymysql.connections.Connection object at 0x75b553dbf800>
      charset_id = 45
      data_init = b'\r\xa2:\x00\xff\xff\xff\x00-\x00\x00\x00\x00\x00\x00\x00\x00\x00\x00\x00\x00\x00\x00\x00\x00\x00\x00\x00\x00\x00\x00\x00'
      data = b'\r\xa2:\x00\xff\xff\xff\x00-\x00\x00\x00\x00\x00\x00\x00\x00\x00\x00\x00\x00\x00\x00\x00\x00\x00\x00\x00\x00\x00\x00\x00_9a54aa6450761df8\x00\x146\x15\xf6\x17\xfaN\xaf\xb6\x90\x87\x9e8\xe3i\xe7jE\x8e\x9fi_9a54aa6450761df8\x00mysql_native_password\x005\x0c_client_name\x07pymysql\x0f_client_version\x051.1.1\x04_pid\x046985'
      authresp = b'6\x15\xf6\x17\xfaN\xaf\xb6\x90\x87\x9e8\xe3i\xe7jE\x8e\x9fi'
      plugin_name = b'mysql_native_password'
      connect_attrs = b'\x0c_client_name\x07pymysql\x0f_client_version\x051.1.1\x04_pid\x046985'
      k = b'_pid'
      v = b'6985'
  File "env/lib/python3.12/site-packages/pymysql/connections.py", line 775, in _read_packet
    packet.raise_for_error()
      self = <pymysql.connections.Connection object at 0x75b553dbf800>
      packet_type = <class 'pymysql.protocol.MysqlPacket'>
      buff = bytearray(b"\xff\x15\x04#28000Access denied for user \'_9a54aa6450761df8\'@\'localhost\' (using password: YES)")
      packet_header = b'U\x00\x00\x02'
      btrl = 85
      btrh = 0
      packet_number = 2
      bytes_to_read = 85
      recv_data = b"\xff\x15\x04#28000Access denied for user '_9a54aa6450761df8'@'localhost' (using password: YES)"
      packet = <pymysql.protocol.MysqlPacket object at 0x75b550942a70>
  File "env/lib/python3.12/site-packages/pymysql/protocol.py", line 219, in raise_for_error
    err.raise_mysql_exception(self._data)
      self = <pymysql.protocol.MysqlPacket object at 0x75b550942a70>
      errno = 1045
  File "env/lib/python3.12/site-packages/pymysql/err.py", line 150, in raise_mysql_exception
    raise errorclass(errno, errval)
      data = b"\xff\x15\x04#28000Access denied for user '_9a54aa6450761df8'@'localhost' (using password: YES)"
      errno = 1045
      errval = "Access denied for user '_9a54aa6450761df8'@'localhost' (using password: YES)"
      errorclass = <class 'pymysql.err.OperationalError'>
pymysql.err.OperationalError: (1045, "Access denied for user '_9a54aa6450761df8'@'localhost' (using password: YES)")
set -o pipefail; /usr/bin/mariadb-dump --user=_3459fc20e3de2b0c --host=127.0.0.1 --port=3306 --password=********** --single-transaction --quick --lock-tables=false _3459fc20e3de2b0c | /usr/bin/gzip >> ./alumnimgmt.localhost/private/backups/20250511_120004-alumnimgmt_localhost-database.sql.gz

Backup Summary for alumnimgmt.localhost at 2025-05-11 12:00:04.976993
Config  : /home/pearl/alumnimgmtsystem/sites/alumnimgmt.localhost/private/backups/20250511_120004-alumnimgmt_localhost-site_config_backup.json 173.0B
Database: /home/pearl/alumnimgmtsystem/sites/alumnimgmt.localhost/private/backups/20250511_120004-alumnimgmt_localhost-database.sql.gz 529.3KiB
Backup for Site alumnimgmt.localhost has been successfully completed
Backup failed for Site library.localhost. Database or site_config.json may be corrupted
Traceback with variables (most recent call last):
  File "apps/frappe/frappe/commands/site.py", line 865, in backup
    odb = scheduled_backup(
      context = CliCtxObj(sites=['alumnimgmt.localhost', 'library.localhost'], force=False, profile=False, verbose=True)
      with_files = False
      backup_path = None
      backup_path_db = None
      backup_path_files = None
      backup_path_private_files = None
      backup_path_conf = None
      ignore_backup_conf = False
      verbose = True
      compress = False
      include = ''
      exclude = ''
      old_backup_metadata = False
      scheduled_backup = <function scheduled_backup at 0x79cbc5c4f880>
      exit_code = 0
      rollback_callback = None
      site = 'library.localhost'
      odb = <frappe.utils.backups.BackupGenerator object at 0x79cbc500fbf0>
  File "apps/frappe/frappe/utils/backups.py", line 589, in scheduled_backup
    return new_backup(
      older_than = 6
      ignore_files = True
      backup_path = None
      backup_path_db = None
      backup_path_files = None
      backup_path_private_files = None
      backup_path_conf = None
      ignore_conf = False
      include_doctypes = ''
      exclude_doctypes = ''
      compress = False
      force = True
      verbose = True
      old_backup_metadata = False
      rollback_callback = <frappe.utils.CallbackManager object at 0x79cbc4edb430>
  File "apps/frappe/frappe/utils/backups.py", line 626, in new_backup
    odb = BackupGenerator(
      older_than = 6
      ignore_files = True
      backup_path = None
      backup_path_db = None
      backup_path_files = None
      backup_path_private_files = None
      backup_path_conf = None
      ignore_conf = False
      include_doctypes = ''
      exclude_doctypes = ''
      compress = False
      force = True
      verbose = True
      old_backup_metadata = False
      rollback_callback = <frappe.utils.CallbackManager object at 0x79cbc4edb430>
  File "apps/frappe/frappe/utils/backups.py", line 89, in __init__
    self.setup_backup_tables()
      self = <frappe.utils.backups.BackupGenerator object at 0x79cbc4edbc50>
      db_name = '_9a54aa6450761df8'
      user = '_9a54aa6450761df8'
      password = ********
      backup_path = None
      backup_path_db = None
      backup_path_files = None
      backup_path_private_files = None
      db_socket = None
      db_host = '127.0.0.1'
      db_port = 3306
      db_type = 'mariadb'
      backup_path_conf = None
      ignore_conf = False
      compress_files = False
      include_doctypes = ''
      exclude_doctypes = ''
      verbose = True
      old_backup_metadata = False
      rollback_callback = <frappe.utils.CallbackManager object at 0x79cbc4edb430>
      site = 'library.localhost'
  File "apps/frappe/frappe/utils/backups.py", line 126, in setup_backup_tables
    self._set_existing_tables()
      self = <frappe.utils.backups.BackupGenerator object at 0x79cbc4edbc50>
  File "apps/frappe/frappe/utils/backups.py", line 122, in _set_existing_tables
    self._existing_tables = frappe.db.get_tables()
      self = <frappe.utils.backups.BackupGenerator object at 0x79cbc4edbc50>
  File "apps/frappe/frappe/database/mariadb/database.py", line 485, in get_tables
    .run(pluck=True)
      self = <frappe.database.mariadb.database.MariaDBDatabase object at 0x79cbc491ddc0>
      cached = True
      to_query = True
      tables = None
      information_schema = <pypika.queries.Schema object at 0x79cbc4edbce0>
  File "apps/frappe/frappe/query_builder/utils.py", line 80, in execute_query
    result = frappe.db.sql(query, params, *args, **kwargs)  # nosemgrep
      query = 'SELECT `table_name` FROM `information_schema`.`tables` WHERE `table_schema`=%(param1)s'
      args = ()
      kwargs = {'pluck': True}
      child_queries = []
      params = {'param1': '_9a54aa6450761df8'}
  File "apps/frappe/frappe/database/database.py", line 237, in sql
    self.connect()
      self = <frappe.database.mariadb.database.MariaDBDatabase object at 0x79cbc491ddc0>
      query = 'SELECT `table_name` FROM `information_schema`.`tables` WHERE `table_schema`=%(param1)s'
      values = {'param1': '_9a54aa6450761df8'}
      as_dict = 0
      as_list = 0
      debug = False
      ignore_ddl = 0
      auto_commit = 0
      update = None
      explain = False
      run = True
      pluck = True
      as_iterator = False
      query_type = 'select'
  File "apps/frappe/frappe/database/database.py", line 135, in connect
    self.get_connection()
      self = <frappe.database.mariadb.database.MariaDBDatabase object at 0x79cbc491ddc0>
  File "apps/frappe/frappe/database/mariadb/database.py", line 105, in get_connection
    conn = self._get_connection()
      self = <frappe.database.mariadb.database.MariaDBDatabase object at 0x79cbc491ddc0>
  File "apps/frappe/frappe/database/mariadb/database.py", line 111, in _get_connection
    return self.create_connection()
      self = <frappe.database.mariadb.database.MariaDBDatabase object at 0x79cbc491ddc0>
  File "apps/frappe/frappe/database/mariadb/database.py", line 114, in create_connection
    return pymysql.connect(**self.get_connection_settings())
      self = <frappe.database.mariadb.database.MariaDBDatabase object at 0x79cbc491ddc0>
  File "env/lib/python3.12/site-packages/pymysql/connections.py", line 361, in __init__
    self.connect()
      self = <pymysql.connections.Connection object at 0x79cbc4edbc20>
      user = '_9a54aa6450761df8'
      password = ********
      host = '127.0.0.1'
      database = '_9a54aa6450761df8'
      unix_socket = None
      port = 3306
      charset = 'utf8mb4'
      collation = 'utf8mb4_unicode_ci'
      sql_mode = None
      read_default_file = None
      conv = {<class 'bool'>: <function escape_bool at 0x79cbc5169120>, <class 'int'>: <function escape_int at 0x79cbc51691c0>, <class 'float'>: <function escape_float at 0x79cbc5169260>, <class 'str'>: <function escape_str at 0x79cbc51694e0>, <class 'bytes'>: <function escape_bytes at 0x79cbc5169440>, <class 'tuple'>: <function escape_sequence at 0x79cbc5168fe0>, <class 'list'>: <function escape_sequence at 0x79cbc5168fe0>, <class 'set'>: <function escape_sequence at 0x79cbc5168fe0>, <class 'frozenset'>: <function escape_sequence at 0x79cbc5168fe0>, <class 'dict'>: <function escape_dict at 0x79cbc5168f40>, <class 'NoneType'>: <function escape_None at 0x79cbc5169580>, <class 'datetime.date'>: <function escape_date at 0x79cbc5169800>, <class 'datetime.datetime'>: <function escape_datetime at 0x79cbc5169760>, <class 'datetime.timedelta'>: <function escape_timedelta at 0x79cbc5169620>, <class 'datetime.time'>: <function escape_time at 0x79cbc51696c0>, <class 'time.struct_time'>: <function escape_struc...
      use_unicode = True
      client_flag = 3842573
      cursorclass = <class 'pymysql.cursors.Cursor'>
      init_command = None
      connect_timeout = 10
      read_default_group = None
      autocommit = False
      local_infile = False
      max_allowed_packet = 16777216
      defer_connect = False
      auth_plugin_map = None
      read_timeout = None
      write_timeout = None
      bind_address = None
      binary_prefix = False
      program_name = None
      server_public_key = ********
      ssl = None
      ssl_ca = None
      ssl_cert = None
      ssl_disabled = None
      ssl_key = ********
      ssl_key_password = ********
      ssl_verify_cert = None
      ssl_verify_identity = None
      compress = None
      named_pipe = None
      passwd = ********
      db = None
  File "env/lib/python3.12/site-packages/pymysql/connections.py", line 669, in connect
    self._request_authentication()
      self = <pymysql.connections.Connection object at 0x79cbc4edbc20>
      sock = <socket.socket [closed] fd=-1, family=2, type=1, proto=6>
      kwargs = {}
  File "env/lib/python3.12/site-packages/pymysql/connections.py", line 957, in _request_authentication
    auth_packet = self._read_packet()
      self = <pymysql.connections.Connection object at 0x79cbc4edbc20>
      charset_id = 45
      data_init = b'\r\xa2:\x00\xff\xff\xff\x00-\x00\x00\x00\x00\x00\x00\x00\x00\x00\x00\x00\x00\x00\x00\x00\x00\x00\x00\x00\x00\x00\x00\x00'
      data = b'\r\xa2:\x00\xff\xff\xff\x00-\x00\x00\x00\x00\x00\x00\x00\x00\x00\x00\x00\x00\x00\x00\x00\x00\x00\x00\x00\x00\x00\x00\x00_9a54aa6450761df8\x00\x14\x8a\x19g\x07\xb5\xa0J\x0b#\xfe\xadB4\x81L\xd4\x8a\x07X\x03_9a54aa6450761df8\x00mysql_native_password\x005\x0c_client_name\x07pymysql\x0f_client_version\x051.1.1\x04_pid\x045182'
      authresp = b'\x8a\x19g\x07\xb5\xa0J\x0b#\xfe\xadB4\x81L\xd4\x8a\x07X\x03'
      plugin_name = b'mysql_native_password'
      connect_attrs = b'\x0c_client_name\x07pymysql\x0f_client_version\x051.1.1\x04_pid\x045182'
      k = b'_pid'
      v = b'5182'
  File "env/lib/python3.12/site-packages/pymysql/connections.py", line 775, in _read_packet
    packet.raise_for_error()
      self = <pymysql.connections.Connection object at 0x79cbc4edbc20>
      packet_type = <class 'pymysql.protocol.MysqlPacket'>
      buff = bytearray(b"\xff\x15\x04#28000Access denied for user \'_9a54aa6450761df8\'@\'localhost\' (using password: YES)")
      packet_header = b'U\x00\x00\x02'
      btrl = 85
      btrh = 0
      packet_number = 2
      bytes_to_read = 85
      recv_data = b"\xff\x15\x04#28000Access denied for user '_9a54aa6450761df8'@'localhost' (using password: YES)"
      packet = <pymysql.protocol.MysqlPacket object at 0x79cbc4edbd00>
  File "env/lib/python3.12/site-packages/pymysql/protocol.py", line 219, in raise_for_error
    err.raise_mysql_exception(self._data)
      self = <pymysql.protocol.MysqlPacket object at 0x79cbc4edbd00>
      errno = 1045
  File "env/lib/python3.12/site-packages/pymysql/err.py", line 150, in raise_mysql_exception
    raise errorclass(errno, errval)
      data = b"\xff\x15\x04#28000Access denied for user '_9a54aa6450761df8'@'localhost' (using password: YES)"
      errno = 1045
      errval = "Access denied for user '_9a54aa6450761df8'@'localhost' (using password: YES)"
      errorclass = <class 'pymysql.err.OperationalError'>
pymysql.err.OperationalError: (1045, "Access denied for user '_9a54aa6450761df8'@'localhost' (using password: YES)")
set -o pipefail; /usr/bin/mariadb-dump --user=_3459fc20e3de2b0c --host=127.0.0.1 --port=3306 --password=********** --single-transaction --quick --lock-tables=false _3459fc20e3de2b0c | /usr/bin/gzip >> ./alumnimgmt.localhost/private/backups/20250511_180004-alumnimgmt_localhost-database.sql.gz

Backup Summary for alumnimgmt.localhost at 2025-05-11 18:00:05.483756
Config  : /home/pearl/alumnimgmtsystem/sites/alumnimgmt.localhost/private/backups/20250511_180004-alumnimgmt_localhost-site_config_backup.json 173.0B
Database: /home/pearl/alumnimgmtsystem/sites/alumnimgmt.localhost/private/backups/20250511_180004-alumnimgmt_localhost-database.sql.gz 529.3KiB
Backup for Site alumnimgmt.localhost has been successfully completed
Backup failed for Site library.localhost. Database or site_config.json may be corrupted
Traceback with variables (most recent call last):
  File "apps/frappe/frappe/commands/site.py", line 865, in backup
    odb = scheduled_backup(
      context = CliCtxObj(sites=['alumnimgmt.localhost', 'library.localhost'], force=False, profile=False, verbose=True)
      with_files = False
      backup_path = None
      backup_path_db = None
      backup_path_files = None
      backup_path_private_files = None
      backup_path_conf = None
      ignore_backup_conf = False
      verbose = True
      compress = False
      include = ''
      exclude = ''
      old_backup_metadata = False
      scheduled_backup = <function scheduled_backup at 0x7b2e08e07880>
      exit_code = 0
      rollback_callback = None
      site = 'library.localhost'
      odb = <frappe.utils.backups.BackupGenerator object at 0x7b2e0815fc50>
  File "apps/frappe/frappe/utils/backups.py", line 589, in scheduled_backup
    return new_backup(
      older_than = 6
      ignore_files = True
      backup_path = None
      backup_path_db = None
      backup_path_files = None
      backup_path_private_files = None
      backup_path_conf = None
      ignore_conf = False
      include_doctypes = ''
      exclude_doctypes = ''
      compress = False
      force = True
      verbose = True
      old_backup_metadata = False
      rollback_callback = <frappe.utils.CallbackManager object at 0x7b2e0802beb0>
  File "apps/frappe/frappe/utils/backups.py", line 626, in new_backup
    odb = BackupGenerator(
      older_than = 6
      ignore_files = True
      backup_path = None
      backup_path_db = None
      backup_path_files = None
      backup_path_private_files = None
      backup_path_conf = None
      ignore_conf = False
      include_doctypes = ''
      exclude_doctypes = ''
      compress = False
      force = True
      verbose = True
      old_backup_metadata = False
      rollback_callback = <frappe.utils.CallbackManager object at 0x7b2e0802beb0>
  File "apps/frappe/frappe/utils/backups.py", line 89, in __init__
    self.setup_backup_tables()
      self = <frappe.utils.backups.BackupGenerator object at 0x7b2e0802bc80>
      db_name = '_9a54aa6450761df8'
      user = '_9a54aa6450761df8'
      password = ********
      backup_path = None
      backup_path_db = None
      backup_path_files = None
      backup_path_private_files = None
      db_socket = None
      db_host = '127.0.0.1'
      db_port = 3306
      db_type = 'mariadb'
      backup_path_conf = None
      ignore_conf = False
      compress_files = False
      include_doctypes = ''
      exclude_doctypes = ''
      verbose = True
      old_backup_metadata = False
      rollback_callback = <frappe.utils.CallbackManager object at 0x7b2e0802beb0>
      site = 'library.localhost'
  File "apps/frappe/frappe/utils/backups.py", line 126, in setup_backup_tables
    self._set_existing_tables()
      self = <frappe.utils.backups.BackupGenerator object at 0x7b2e0802bc80>
  File "apps/frappe/frappe/utils/backups.py", line 122, in _set_existing_tables
    self._existing_tables = frappe.db.get_tables()
      self = <frappe.utils.backups.BackupGenerator object at 0x7b2e0802bc80>
  File "apps/frappe/frappe/database/mariadb/database.py", line 485, in get_tables
    .run(pluck=True)
      self = <frappe.database.mariadb.database.MariaDBDatabase object at 0x7b2e0ace3680>
      cached = True
      to_query = True
      tables = None
      information_schema = <pypika.queries.Schema object at 0x7b2e0815d3a0>
  File "apps/frappe/frappe/query_builder/utils.py", line 80, in execute_query
    result = frappe.db.sql(query, params, *args, **kwargs)  # nosemgrep
      query = 'SELECT `table_name` FROM `information_schema`.`tables` WHERE `table_schema`=%(param1)s'
      args = ()
      kwargs = {'pluck': True}
      child_queries = []
      params = {'param1': '_9a54aa6450761df8'}
  File "apps/frappe/frappe/database/database.py", line 237, in sql
    self.connect()
      self = <frappe.database.mariadb.database.MariaDBDatabase object at 0x7b2e0ace3680>
      query = 'SELECT `table_name` FROM `information_schema`.`tables` WHERE `table_schema`=%(param1)s'
      values = {'param1': '_9a54aa6450761df8'}
      as_dict = 0
      as_list = 0
      debug = False
      ignore_ddl = 0
      auto_commit = 0
      update = None
      explain = False
      run = True
      pluck = True
      as_iterator = False
      query_type = 'select'
  File "apps/frappe/frappe/database/database.py", line 135, in connect
    self.get_connection()
      self = <frappe.database.mariadb.database.MariaDBDatabase object at 0x7b2e0ace3680>
  File "apps/frappe/frappe/database/mariadb/database.py", line 105, in get_connection
    conn = self._get_connection()
      self = <frappe.database.mariadb.database.MariaDBDatabase object at 0x7b2e0ace3680>
  File "apps/frappe/frappe/database/mariadb/database.py", line 111, in _get_connection
    return self.create_connection()
      self = <frappe.database.mariadb.database.MariaDBDatabase object at 0x7b2e0ace3680>
  File "apps/frappe/frappe/database/mariadb/database.py", line 114, in create_connection
    return pymysql.connect(**self.get_connection_settings())
      self = <frappe.database.mariadb.database.MariaDBDatabase object at 0x7b2e0ace3680>
  File "env/lib/python3.12/site-packages/pymysql/connections.py", line 361, in __init__
    self.connect()
      self = <pymysql.connections.Connection object at 0x7b2e08cd9010>
      user = '_9a54aa6450761df8'
      password = ********
      host = '127.0.0.1'
      database = '_9a54aa6450761df8'
      unix_socket = None
      port = 3306
      charset = 'utf8mb4'
      collation = 'utf8mb4_unicode_ci'
      sql_mode = None
      read_default_file = None
      conv = {<class 'bool'>: <function escape_bool at 0x7b2e08ccd120>, <class 'int'>: <function escape_int at 0x7b2e08ccd1c0>, <class 'float'>: <function escape_float at 0x7b2e08ccd260>, <class 'str'>: <function escape_str at 0x7b2e08ccd4e0>, <class 'bytes'>: <function escape_bytes at 0x7b2e08ccd440>, <class 'tuple'>: <function escape_sequence at 0x7b2e08cccfe0>, <class 'list'>: <function escape_sequence at 0x7b2e08cccfe0>, <class 'set'>: <function escape_sequence at 0x7b2e08cccfe0>, <class 'frozenset'>: <function escape_sequence at 0x7b2e08cccfe0>, <class 'dict'>: <function escape_dict at 0x7b2e08cccf40>, <class 'NoneType'>: <function escape_None at 0x7b2e08ccd580>, <class 'datetime.date'>: <function escape_date at 0x7b2e08ccd800>, <class 'datetime.datetime'>: <function escape_datetime at 0x7b2e08ccd760>, <class 'datetime.timedelta'>: <function escape_timedelta at 0x7b2e08ccd620>, <class 'datetime.time'>: <function escape_time at 0x7b2e08ccd6c0>, <class 'time.struct_time'>: <function escape_struc...
      use_unicode = True
      client_flag = 3842573
      cursorclass = <class 'pymysql.cursors.Cursor'>
      init_command = None
      connect_timeout = 10
      read_default_group = None
      autocommit = False
      local_infile = False
      max_allowed_packet = 16777216
      defer_connect = False
      auth_plugin_map = None
      read_timeout = None
      write_timeout = None
      bind_address = None
      binary_prefix = False
      program_name = None
      server_public_key = ********
      ssl = None
      ssl_ca = None
      ssl_cert = None
      ssl_disabled = None
      ssl_key = ********
      ssl_key_password = ********
      ssl_verify_cert = None
      ssl_verify_identity = None
      compress = None
      named_pipe = None
      passwd = ********
      db = None
  File "env/lib/python3.12/site-packages/pymysql/connections.py", line 669, in connect
    self._request_authentication()
      self = <pymysql.connections.Connection object at 0x7b2e08cd9010>
      sock = <socket.socket [closed] fd=-1, family=2, type=1, proto=6>
      kwargs = {}
  File "env/lib/python3.12/site-packages/pymysql/connections.py", line 957, in _request_authentication
    auth_packet = self._read_packet()
      self = <pymysql.connections.Connection object at 0x7b2e08cd9010>
      charset_id = 45
      data_init = b'\r\xa2:\x00\xff\xff\xff\x00-\x00\x00\x00\x00\x00\x00\x00\x00\x00\x00\x00\x00\x00\x00\x00\x00\x00\x00\x00\x00\x00\x00\x00'
      data = b'\r\xa2:\x00\xff\xff\xff\x00-\x00\x00\x00\x00\x00\x00\x00\x00\x00\x00\x00\x00\x00\x00\x00\x00\x00\x00\x00\x00\x00\x00\x00_9a54aa6450761df8\x00\x14\xd9\xe6\x18\xbd\x8d\xd5K{\x05\xc2\x96\x1eF\xc4n\x96\xea\xf4\xb1Y_9a54aa6450761df8\x00mysql_native_password\x005\x0c_client_name\x07pymysql\x0f_client_version\x051.1.1\x04_pid\x045908'
      authresp = b'\xd9\xe6\x18\xbd\x8d\xd5K{\x05\xc2\x96\x1eF\xc4n\x96\xea\xf4\xb1Y'
      plugin_name = b'mysql_native_password'
      connect_attrs = b'\x0c_client_name\x07pymysql\x0f_client_version\x051.1.1\x04_pid\x045908'
      k = b'_pid'
      v = b'5908'
  File "env/lib/python3.12/site-packages/pymysql/connections.py", line 775, in _read_packet
    packet.raise_for_error()
      self = <pymysql.connections.Connection object at 0x7b2e08cd9010>
      packet_type = <class 'pymysql.protocol.MysqlPacket'>
      buff = bytearray(b"\xff\x15\x04#28000Access denied for user \'_9a54aa6450761df8\'@\'localhost\' (using password: YES)")
      packet_header = b'U\x00\x00\x02'
      btrl = 85
      btrh = 0
      packet_number = 2
      bytes_to_read = 85
      recv_data = b"\xff\x15\x04#28000Access denied for user '_9a54aa6450761df8'@'localhost' (using password: YES)"
      packet = <pymysql.protocol.MysqlPacket object at 0x7b2e0815d870>
  File "env/lib/python3.12/site-packages/pymysql/protocol.py", line 219, in raise_for_error
    err.raise_mysql_exception(self._data)
      self = <pymysql.protocol.MysqlPacket object at 0x7b2e0815d870>
      errno = 1045
  File "env/lib/python3.12/site-packages/pymysql/err.py", line 150, in raise_mysql_exception
    raise errorclass(errno, errval)
      data = b"\xff\x15\x04#28000Access denied for user '_9a54aa6450761df8'@'localhost' (using password: YES)"
      errno = 1045
      errval = "Access denied for user '_9a54aa6450761df8'@'localhost' (using password: YES)"
      errorclass = <class 'pymysql.err.OperationalError'>
pymysql.err.OperationalError: (1045, "Access denied for user '_9a54aa6450761df8'@'localhost' (using password: YES)")
set -o pipefail; /usr/bin/mariadb-dump --user=_3459fc20e3de2b0c --host=127.0.0.1 --port=3306 --password=********** --single-transaction --quick --lock-tables=false _3459fc20e3de2b0c | /usr/bin/gzip >> ./alumnimgmt.localhost/private/backups/20250512_180003-alumnimgmt_localhost-database.sql.gz

Backup Summary for alumnimgmt.localhost at 2025-05-12 18:00:04.798171
Config  : /home/pearl/alumnimgmtsystem/sites/alumnimgmt.localhost/private/backups/20250512_180003-alumnimgmt_localhost-site_config_backup.json 173.0B
Database: /home/pearl/alumnimgmtsystem/sites/alumnimgmt.localhost/private/backups/20250512_180003-alumnimgmt_localhost-database.sql.gz 529.3KiB
Backup for Site alumnimgmt.localhost has been successfully completed
Backup failed for Site library.localhost. Database or site_config.json may be corrupted
Traceback with variables (most recent call last):
  File "apps/frappe/frappe/commands/site.py", line 865, in backup
    odb = scheduled_backup(
      context = CliCtxObj(sites=['alumnimgmt.localhost', 'library.localhost'], force=False, profile=False, verbose=True)
      with_files = False
      backup_path = None
      backup_path_db = None
      backup_path_files = None
      backup_path_private_files = None
      backup_path_conf = None
      ignore_backup_conf = False
      verbose = True
      compress = False
      include = ''
      exclude = ''
      old_backup_metadata = False
      scheduled_backup = <function scheduled_backup at 0x7addc1a33880>
      exit_code = 0
      rollback_callback = None
      site = 'library.localhost'
      odb = <frappe.utils.backups.BackupGenerator object at 0x7addc0e1bf80>
  File "apps/frappe/frappe/utils/backups.py", line 589, in scheduled_backup
    return new_backup(
      older_than = 6
      ignore_files = True
      backup_path = None
      backup_path_db = None
      backup_path_files = None
      backup_path_private_files = None
      backup_path_conf = None
      ignore_conf = False
      include_doctypes = ''
      exclude_doctypes = ''
      compress = False
      force = True
      verbose = True
      old_backup_metadata = False
      rollback_callback = <frappe.utils.CallbackManager object at 0x7addc0ee3b20>
  File "apps/frappe/frappe/utils/backups.py", line 626, in new_backup
    odb = BackupGenerator(
      older_than = 6
      ignore_files = True
      backup_path = None
      backup_path_db = None
      backup_path_files = None
      backup_path_private_files = None
      backup_path_conf = None
      ignore_conf = False
      include_doctypes = ''
      exclude_doctypes = ''
      compress = False
      force = True
      verbose = True
      old_backup_metadata = False
      rollback_callback = <frappe.utils.CallbackManager object at 0x7addc0ee3b20>
  File "apps/frappe/frappe/utils/backups.py", line 89, in __init__
    self.setup_backup_tables()
      self = <frappe.utils.backups.BackupGenerator object at 0x7addc0ee3d40>
      db_name = '_9a54aa6450761df8'
      user = '_9a54aa6450761df8'
      password = ********
      backup_path = None
      backup_path_db = None
      backup_path_files = None
      backup_path_private_files = None
      db_socket = None
      db_host = '127.0.0.1'
      db_port = 3306
      db_type = 'mariadb'
      backup_path_conf = None
      ignore_conf = False
      compress_files = False
      include_doctypes = ''
      exclude_doctypes = ''
      verbose = True
      old_backup_metadata = False
      rollback_callback = <frappe.utils.CallbackManager object at 0x7addc0ee3b20>
      site = 'library.localhost'
  File "apps/frappe/frappe/utils/backups.py", line 126, in setup_backup_tables
    self._set_existing_tables()
      self = <frappe.utils.backups.BackupGenerator object at 0x7addc0ee3d40>
  File "apps/frappe/frappe/utils/backups.py", line 122, in _set_existing_tables
    self._existing_tables = frappe.db.get_tables()
      self = <frappe.utils.backups.BackupGenerator object at 0x7addc0ee3d40>
  File "apps/frappe/frappe/database/mariadb/database.py", line 485, in get_tables
    .run(pluck=True)
      self = <frappe.database.mariadb.database.MariaDBDatabase object at 0x7addc0b27d70>
      cached = True
      to_query = True
      tables = None
      information_schema = <pypika.queries.Schema object at 0x7addc0e19730>
  File "apps/frappe/frappe/query_builder/utils.py", line 80, in execute_query
    result = frappe.db.sql(query, params, *args, **kwargs)  # nosemgrep
      query = 'SELECT `table_name` FROM `information_schema`.`tables` WHERE `table_schema`=%(param1)s'
      args = ()
      kwargs = {'pluck': True}
      child_queries = []
      params = {'param1': '_9a54aa6450761df8'}
  File "apps/frappe/frappe/database/database.py", line 237, in sql
    self.connect()
      self = <frappe.database.mariadb.database.MariaDBDatabase object at 0x7addc0b27d70>
      query = 'SELECT `table_name` FROM `information_schema`.`tables` WHERE `table_schema`=%(param1)s'
      values = {'param1': '_9a54aa6450761df8'}
      as_dict = 0
      as_list = 0
      debug = False
      ignore_ddl = 0
      auto_commit = 0
      update = None
      explain = False
      run = True
      pluck = True
      as_iterator = False
      query_type = 'select'
  File "apps/frappe/frappe/database/database.py", line 135, in connect
    self.get_connection()
      self = <frappe.database.mariadb.database.MariaDBDatabase object at 0x7addc0b27d70>
  File "apps/frappe/frappe/database/mariadb/database.py", line 105, in get_connection
    conn = self._get_connection()
      self = <frappe.database.mariadb.database.MariaDBDatabase object at 0x7addc0b27d70>
  File "apps/frappe/frappe/database/mariadb/database.py", line 111, in _get_connection
    return self.create_connection()
      self = <frappe.database.mariadb.database.MariaDBDatabase object at 0x7addc0b27d70>
  File "apps/frappe/frappe/database/mariadb/database.py", line 114, in create_connection
    return pymysql.connect(**self.get_connection_settings())
      self = <frappe.database.mariadb.database.MariaDBDatabase object at 0x7addc0b27d70>
  File "env/lib/python3.12/site-packages/pymysql/connections.py", line 361, in __init__
    self.connect()
      self = <pymysql.connections.Connection object at 0x7addc2809b80>
      user = '_9a54aa6450761df8'
      password = ********
      host = '127.0.0.1'
      database = '_9a54aa6450761df8'
      unix_socket = None
      port = 3306
      charset = 'utf8mb4'
      collation = 'utf8mb4_unicode_ci'
      sql_mode = None
      read_default_file = None
      conv = {<class 'bool'>: <function escape_bool at 0x7addc0f75120>, <class 'int'>: <function escape_int at 0x7addc0f751c0>, <class 'float'>: <function escape_float at 0x7addc0f75260>, <class 'str'>: <function escape_str at 0x7addc0f754e0>, <class 'bytes'>: <function escape_bytes at 0x7addc0f75440>, <class 'tuple'>: <function escape_sequence at 0x7addc0f74fe0>, <class 'list'>: <function escape_sequence at 0x7addc0f74fe0>, <class 'set'>: <function escape_sequence at 0x7addc0f74fe0>, <class 'frozenset'>: <function escape_sequence at 0x7addc0f74fe0>, <class 'dict'>: <function escape_dict at 0x7addc0f74f40>, <class 'NoneType'>: <function escape_None at 0x7addc0f75580>, <class 'datetime.date'>: <function escape_date at 0x7addc0f75800>, <class 'datetime.datetime'>: <function escape_datetime at 0x7addc0f75760>, <class 'datetime.timedelta'>: <function escape_timedelta at 0x7addc0f75620>, <class 'datetime.time'>: <function escape_time at 0x7addc0f756c0>, <class 'time.struct_time'>: <function escape_struc...
      use_unicode = True
      client_flag = 3842573
      cursorclass = <class 'pymysql.cursors.Cursor'>
      init_command = None
      connect_timeout = 10
      read_default_group = None
      autocommit = False
      local_infile = False
      max_allowed_packet = 16777216
      defer_connect = False
      auth_plugin_map = None
      read_timeout = None
      write_timeout = None
      bind_address = None
      binary_prefix = False
      program_name = None
      server_public_key = ********
      ssl = None
      ssl_ca = None
      ssl_cert = None
      ssl_disabled = None
      ssl_key = ********
      ssl_key_password = ********
      ssl_verify_cert = None
      ssl_verify_identity = None
      compress = None
      named_pipe = None
      passwd = ********
      db = None
  File "env/lib/python3.12/site-packages/pymysql/connections.py", line 669, in connect
    self._request_authentication()
      self = <pymysql.connections.Connection object at 0x7addc2809b80>
      sock = <socket.socket [closed] fd=-1, family=2, type=1, proto=6>
      kwargs = {}
  File "env/lib/python3.12/site-packages/pymysql/connections.py", line 957, in _request_authentication
    auth_packet = self._read_packet()
      self = <pymysql.connections.Connection object at 0x7addc2809b80>
      charset_id = 45
      data_init = b'\r\xa2:\x00\xff\xff\xff\x00-\x00\x00\x00\x00\x00\x00\x00\x00\x00\x00\x00\x00\x00\x00\x00\x00\x00\x00\x00\x00\x00\x00\x00'
      data = b'\r\xa2:\x00\xff\xff\xff\x00-\x00\x00\x00\x00\x00\x00\x00\x00\x00\x00\x00\x00\x00\x00\x00\x00\x00\x00\x00\x00\x00\x00\x00_9a54aa6450761df8\x00\x14\x8d\xcb\x1a\n\xb8\xb6\xfa\xb8\x96\x86]\xaa\xb97/=\xe4\xe5;?_9a54aa6450761df8\x00mysql_native_password\x005\x0c_client_name\x07pymysql\x0f_client_version\x051.1.1\x04_pid\x047380'
      authresp = b'\x8d\xcb\x1a\n\xb8\xb6\xfa\xb8\x96\x86]\xaa\xb97/=\xe4\xe5;?'
      plugin_name = b'mysql_native_password'
      connect_attrs = b'\x0c_client_name\x07pymysql\x0f_client_version\x051.1.1\x04_pid\x047380'
      k = b'_pid'
      v = b'7380'
  File "env/lib/python3.12/site-packages/pymysql/connections.py", line 775, in _read_packet
    packet.raise_for_error()
      self = <pymysql.connections.Connection object at 0x7addc2809b80>
      packet_type = <class 'pymysql.protocol.MysqlPacket'>
      buff = bytearray(b"\xff\x15\x04#28000Access denied for user \'_9a54aa6450761df8\'@\'localhost\' (using password: YES)")
      packet_header = b'U\x00\x00\x02'
      btrl = 85
      btrh = 0
      packet_number = 2
      bytes_to_read = 85
      recv_data = b"\xff\x15\x04#28000Access denied for user '_9a54aa6450761df8'@'localhost' (using password: YES)"
      packet = <pymysql.protocol.MysqlPacket object at 0x7addc0e4c1f0>
  File "env/lib/python3.12/site-packages/pymysql/protocol.py", line 219, in raise_for_error
    err.raise_mysql_exception(self._data)
      self = <pymysql.protocol.MysqlPacket object at 0x7addc0e4c1f0>
      errno = 1045
  File "env/lib/python3.12/site-packages/pymysql/err.py", line 150, in raise_mysql_exception
    raise errorclass(errno, errval)
      data = b"\xff\x15\x04#28000Access denied for user '_9a54aa6450761df8'@'localhost' (using password: YES)"
      errno = 1045
      errval = "Access denied for user '_9a54aa6450761df8'@'localhost' (using password: YES)"
      errorclass = <class 'pymysql.err.OperationalError'>
pymysql.err.OperationalError: (1045, "Access denied for user '_9a54aa6450761df8'@'localhost' (using password: YES)")
set -o pipefail; /usr/bin/mariadb-dump --user=_3459fc20e3de2b0c --host=127.0.0.1 --port=3306 --password=********** --single-transaction --quick --lock-tables=false _3459fc20e3de2b0c | /usr/bin/gzip >> ./alumnimgmt.localhost/private/backups/20250513_180004-alumnimgmt_localhost-database.sql.gz

Backup Summary for alumnimgmt.localhost at 2025-05-13 18:00:05.922684
Config  : /home/pearl/alumnimgmtsystem/sites/alumnimgmt.localhost/private/backups/20250513_180004-alumnimgmt_localhost-site_config_backup.json 173.0B
Database: /home/pearl/alumnimgmtsystem/sites/alumnimgmt.localhost/private/backups/20250513_180004-alumnimgmt_localhost-database.sql.gz 529.3KiB
Backup for Site alumnimgmt.localhost has been successfully completed
Backup failed for Site library.localhost. Database or site_config.json may be corrupted
Traceback with variables (most recent call last):
  File "apps/frappe/frappe/commands/site.py", line 865, in backup
    odb = scheduled_backup(
      context = CliCtxObj(sites=['alumnimgmt.localhost', 'library.localhost'], force=False, profile=False, verbose=True)
      with_files = False
      backup_path = None
      backup_path_db = None
      backup_path_files = None
      backup_path_private_files = None
      backup_path_conf = None
      ignore_backup_conf = False
      verbose = True
      compress = False
      include = ''
      exclude = ''
      old_backup_metadata = False
      scheduled_backup = <function scheduled_backup at 0x787666b3b880>
      exit_code = 0
      rollback_callback = None
      site = 'library.localhost'
      odb = <frappe.utils.backups.BackupGenerator object at 0x787665f23fb0>
  File "apps/frappe/frappe/utils/backups.py", line 589, in scheduled_backup
    return new_backup(
      older_than = 6
      ignore_files = True
      backup_path = None
      backup_path_db = None
      backup_path_files = None
      backup_path_private_files = None
      backup_path_conf = None
      ignore_conf = False
      include_doctypes = ''
      exclude_doctypes = ''
      compress = False
      force = True
      verbose = True
      old_backup_metadata = False
      rollback_callback = <frappe.utils.CallbackManager object at 0x787665fe7c10>
  File "apps/frappe/frappe/utils/backups.py", line 626, in new_backup
    odb = BackupGenerator(
      older_than = 6
      ignore_files = True
      backup_path = None
      backup_path_db = None
      backup_path_files = None
      backup_path_private_files = None
      backup_path_conf = None
      ignore_conf = False
      include_doctypes = ''
      exclude_doctypes = ''
      compress = False
      force = True
      verbose = True
      old_backup_metadata = False
      rollback_callback = <frappe.utils.CallbackManager object at 0x787665fe7c10>
  File "apps/frappe/frappe/utils/backups.py", line 89, in __init__
    self.setup_backup_tables()
      self = <frappe.utils.backups.BackupGenerator object at 0x787665fe7b60>
      db_name = '_9a54aa6450761df8'
      user = '_9a54aa6450761df8'
      password = ********
      backup_path = None
      backup_path_db = None
      backup_path_files = None
      backup_path_private_files = None
      db_socket = None
      db_host = '127.0.0.1'
      db_port = 3306
      db_type = 'mariadb'
      backup_path_conf = None
      ignore_conf = False
      compress_files = False
      include_doctypes = ''
      exclude_doctypes = ''
      verbose = True
      old_backup_metadata = False
      rollback_callback = <frappe.utils.CallbackManager object at 0x787665fe7c10>
      site = 'library.localhost'
  File "apps/frappe/frappe/utils/backups.py", line 126, in setup_backup_tables
    self._set_existing_tables()
      self = <frappe.utils.backups.BackupGenerator object at 0x787665fe7b60>
  File "apps/frappe/frappe/utils/backups.py", line 122, in _set_existing_tables
    self._existing_tables = frappe.db.get_tables()
      self = <frappe.utils.backups.BackupGenerator object at 0x787665fe7b60>
  File "apps/frappe/frappe/database/mariadb/database.py", line 485, in get_tables
    .run(pluck=True)
      self = <frappe.database.mariadb.database.MariaDBDatabase object at 0x787666bf3e60>
      cached = True
      to_query = True
      tables = None
      information_schema = <pypika.queries.Schema object at 0x787665f54260>
  File "apps/frappe/frappe/query_builder/utils.py", line 80, in execute_query
    result = frappe.db.sql(query, params, *args, **kwargs)  # nosemgrep
      query = 'SELECT `table_name` FROM `information_schema`.`tables` WHERE `table_schema`=%(param1)s'
      args = ()
      kwargs = {'pluck': True}
      child_queries = []
      params = {'param1': '_9a54aa6450761df8'}
  File "apps/frappe/frappe/database/database.py", line 237, in sql
    self.connect()
      self = <frappe.database.mariadb.database.MariaDBDatabase object at 0x787666bf3e60>
      query = 'SELECT `table_name` FROM `information_schema`.`tables` WHERE `table_schema`=%(param1)s'
      values = {'param1': '_9a54aa6450761df8'}
      as_dict = 0
      as_list = 0
      debug = False
      ignore_ddl = 0
      auto_commit = 0
      update = None
      explain = False
      run = True
      pluck = True
      as_iterator = False
      query_type = 'select'
  File "apps/frappe/frappe/database/database.py", line 135, in connect
    self.get_connection()
      self = <frappe.database.mariadb.database.MariaDBDatabase object at 0x787666bf3e60>
  File "apps/frappe/frappe/database/mariadb/database.py", line 105, in get_connection
    conn = self._get_connection()
      self = <frappe.database.mariadb.database.MariaDBDatabase object at 0x787666bf3e60>
  File "apps/frappe/frappe/database/mariadb/database.py", line 111, in _get_connection
    return self.create_connection()
      self = <frappe.database.mariadb.database.MariaDBDatabase object at 0x787666bf3e60>
  File "apps/frappe/frappe/database/mariadb/database.py", line 114, in create_connection
    return pymysql.connect(**self.get_connection_settings())
      self = <frappe.database.mariadb.database.MariaDBDatabase object at 0x787666bf3e60>
  File "env/lib/python3.12/site-packages/pymysql/connections.py", line 361, in __init__
    self.connect()
      self = <pymysql.connections.Connection object at 0x7876679ed730>
      user = '_9a54aa6450761df8'
      password = ********
      host = '127.0.0.1'
      database = '_9a54aa6450761df8'
      unix_socket = None
      port = 3306
      charset = 'utf8mb4'
      collation = 'utf8mb4_unicode_ci'
      sql_mode = None
      read_default_file = None
      conv = {<class 'bool'>: <function escape_bool at 0x7876669fd120>, <class 'int'>: <function escape_int at 0x7876669fd1c0>, <class 'float'>: <function escape_float at 0x7876669fd260>, <class 'str'>: <function escape_str at 0x7876669fd4e0>, <class 'bytes'>: <function escape_bytes at 0x7876669fd440>, <class 'tuple'>: <function escape_sequence at 0x7876669fcfe0>, <class 'list'>: <function escape_sequence at 0x7876669fcfe0>, <class 'set'>: <function escape_sequence at 0x7876669fcfe0>, <class 'frozenset'>: <function escape_sequence at 0x7876669fcfe0>, <class 'dict'>: <function escape_dict at 0x7876669fcf40>, <class 'NoneType'>: <function escape_None at 0x7876669fd580>, <class 'datetime.date'>: <function escape_date at 0x7876669fd800>, <class 'datetime.datetime'>: <function escape_datetime at 0x7876669fd760>, <class 'datetime.timedelta'>: <function escape_timedelta at 0x7876669fd620>, <class 'datetime.time'>: <function escape_time at 0x7876669fd6c0>, <class 'time.struct_time'>: <function escape_struc...
      use_unicode = True
      client_flag = 3842573
      cursorclass = <class 'pymysql.cursors.Cursor'>
      init_command = None
      connect_timeout = 10
      read_default_group = None
      autocommit = False
      local_infile = False
      max_allowed_packet = 16777216
      defer_connect = False
      auth_plugin_map = None
      read_timeout = None
      write_timeout = None
      bind_address = None
      binary_prefix = False
      program_name = None
      server_public_key = ********
      ssl = None
      ssl_ca = None
      ssl_cert = None
      ssl_disabled = None
      ssl_key = ********
      ssl_key_password = ********
      ssl_verify_cert = None
      ssl_verify_identity = None
      compress = None
      named_pipe = None
      passwd = ********
      db = None
  File "env/lib/python3.12/site-packages/pymysql/connections.py", line 669, in connect
    self._request_authentication()
      self = <pymysql.connections.Connection object at 0x7876679ed730>
      sock = <socket.socket [closed] fd=-1, family=2, type=1, proto=6>
      kwargs = {}
  File "env/lib/python3.12/site-packages/pymysql/connections.py", line 957, in _request_authentication
    auth_packet = self._read_packet()
      self = <pymysql.connections.Connection object at 0x7876679ed730>
      charset_id = 45
      data_init = b'\r\xa2:\x00\xff\xff\xff\x00-\x00\x00\x00\x00\x00\x00\x00\x00\x00\x00\x00\x00\x00\x00\x00\x00\x00\x00\x00\x00\x00\x00\x00'
      data = b'\r\xa2:\x00\xff\xff\xff\x00-\x00\x00\x00\x00\x00\x00\x00\x00\x00\x00\x00\x00\x00\x00\x00\x00\x00\x00\x00\x00\x00\x00\x00_9a54aa6450761df8\x00\x14\xa7\x0cd\xe8\x00v\xa3\xa1\x8b8\x87\xe1\xae\xa3\xccnC\x07e\xea_9a54aa6450761df8\x00mysql_native_password\x005\x0c_client_name\x07pymysql\x0f_client_version\x051.1.1\x04_pid\x045595'
      authresp = b'\xa7\x0cd\xe8\x00v\xa3\xa1\x8b8\x87\xe1\xae\xa3\xccnC\x07e\xea'
      plugin_name = b'mysql_native_password'
      connect_attrs = b'\x0c_client_name\x07pymysql\x0f_client_version\x051.1.1\x04_pid\x045595'
      k = b'_pid'
      v = b'5595'
  File "env/lib/python3.12/site-packages/pymysql/connections.py", line 775, in _read_packet
    packet.raise_for_error()
      self = <pymysql.connections.Connection object at 0x7876679ed730>
      packet_type = <class 'pymysql.protocol.MysqlPacket'>
      buff = bytearray(b"\xff\x15\x04#28000Access denied for user \'_9a54aa6450761df8\'@\'localhost\' (using password: YES)")
      packet_header = b'U\x00\x00\x02'
      btrl = 85
      btrh = 0
      packet_number = 2
      bytes_to_read = 85
      recv_data = b"\xff\x15\x04#28000Access denied for user '_9a54aa6450761df8'@'localhost' (using password: YES)"
      packet = <pymysql.protocol.MysqlPacket object at 0x787667bf89a0>
  File "env/lib/python3.12/site-packages/pymysql/protocol.py", line 219, in raise_for_error
    err.raise_mysql_exception(self._data)
      self = <pymysql.protocol.MysqlPacket object at 0x787667bf89a0>
      errno = 1045
  File "env/lib/python3.12/site-packages/pymysql/err.py", line 150, in raise_mysql_exception
    raise errorclass(errno, errval)
      data = b"\xff\x15\x04#28000Access denied for user '_9a54aa6450761df8'@'localhost' (using password: YES)"
      errno = 1045
      errval = "Access denied for user '_9a54aa6450761df8'@'localhost' (using password: YES)"
      errorclass = <class 'pymysql.err.OperationalError'>
pymysql.err.OperationalError: (1045, "Access denied for user '_9a54aa6450761df8'@'localhost' (using password: YES)")
set -o pipefail; /usr/bin/mariadb-dump --user=_3459fc20e3de2b0c --host=127.0.0.1 --port=3306 --password=********** --single-transaction --quick --lock-tables=false _3459fc20e3de2b0c | /usr/bin/gzip >> ./alumnimgmt.localhost/private/backups/20250515_120001-alumnimgmt_localhost-database.sql.gz

Backup Summary for alumnimgmt.localhost at 2025-05-15 12:00:02.295308
Config  : /home/pearl/alumnimgmtsystem/sites/alumnimgmt.localhost/private/backups/20250515_120001-alumnimgmt_localhost-site_config_backup.json 173.0B
Database: /home/pearl/alumnimgmtsystem/sites/alumnimgmt.localhost/private/backups/20250515_120001-alumnimgmt_localhost-database.sql.gz 534.7KiB
Backup for Site alumnimgmt.localhost has been successfully completed
Backup failed for Site library.localhost. Database or site_config.json may be corrupted
Traceback with variables (most recent call last):
  File "apps/frappe/frappe/commands/site.py", line 865, in backup
    odb = scheduled_backup(
      context = CliCtxObj(sites=['alumnimgmt.localhost', 'library.localhost'], force=False, profile=False, verbose=True)
      with_files = False
      backup_path = None
      backup_path_db = None
      backup_path_files = None
      backup_path_private_files = None
      backup_path_conf = None
      ignore_backup_conf = False
      verbose = True
      compress = False
      include = ''
      exclude = ''
      old_backup_metadata = False
      scheduled_backup = <function scheduled_backup at 0x7eae33137880>
      exit_code = 0
      rollback_callback = None
      site = 'library.localhost'
      odb = <frappe.utils.backups.BackupGenerator object at 0x7eae3374f530>
  File "apps/frappe/frappe/utils/backups.py", line 589, in scheduled_backup
    return new_backup(
      older_than = 6
      ignore_files = True
      backup_path = None
      backup_path_db = None
      backup_path_files = None
      backup_path_private_files = None
      backup_path_conf = None
      ignore_conf = False
      include_doctypes = ''
      exclude_doctypes = ''
      compress = False
      force = True
      verbose = True
      old_backup_metadata = False
      rollback_callback = <frappe.utils.CallbackManager object at 0x7eae3254dae0>
  File "apps/frappe/frappe/utils/backups.py", line 626, in new_backup
    odb = BackupGenerator(
      older_than = 6
      ignore_files = True
      backup_path = None
      backup_path_db = None
      backup_path_files = None
      backup_path_private_files = None
      backup_path_conf = None
      ignore_conf = False
      include_doctypes = ''
      exclude_doctypes = ''
      compress = False
      force = True
      verbose = True
      old_backup_metadata = False
      rollback_callback = <frappe.utils.CallbackManager object at 0x7eae3254dae0>
  File "apps/frappe/frappe/utils/backups.py", line 89, in __init__
    self.setup_backup_tables()
      self = <frappe.utils.backups.BackupGenerator object at 0x7eae3254e9c0>
      db_name = '_9a54aa6450761df8'
      user = '_9a54aa6450761df8'
      password = ********
      backup_path = None
      backup_path_db = None
      backup_path_files = None
      backup_path_private_files = None
      db_socket = None
      db_host = '127.0.0.1'
      db_port = 3306
      db_type = 'mariadb'
      backup_path_conf = None
      ignore_conf = False
      compress_files = False
      include_doctypes = ''
      exclude_doctypes = ''
      verbose = True
      old_backup_metadata = False
      rollback_callback = <frappe.utils.CallbackManager object at 0x7eae3254dae0>
      site = 'library.localhost'
  File "apps/frappe/frappe/utils/backups.py", line 126, in setup_backup_tables
    self._set_existing_tables()
      self = <frappe.utils.backups.BackupGenerator object at 0x7eae3254e9c0>
  File "apps/frappe/frappe/utils/backups.py", line 122, in _set_existing_tables
    self._existing_tables = frappe.db.get_tables()
      self = <frappe.utils.backups.BackupGenerator object at 0x7eae3254e9c0>
  File "apps/frappe/frappe/database/mariadb/database.py", line 485, in get_tables
    .run(pluck=True)
      self = <frappe.database.mariadb.database.MariaDBDatabase object at 0x7eae3345f650>
      cached = True
      to_query = True
      tables = None
      information_schema = <pypika.queries.Schema object at 0x7eae3254eab0>
  File "apps/frappe/frappe/query_builder/utils.py", line 80, in execute_query
    result = frappe.db.sql(query, params, *args, **kwargs)  # nosemgrep
      query = 'SELECT `table_name` FROM `information_schema`.`tables` WHERE `table_schema`=%(param1)s'
      args = ()
      kwargs = {'pluck': True}
      child_queries = []
      params = {'param1': '_9a54aa6450761df8'}
  File "apps/frappe/frappe/database/database.py", line 237, in sql
    self.connect()
      self = <frappe.database.mariadb.database.MariaDBDatabase object at 0x7eae3345f650>
      query = 'SELECT `table_name` FROM `information_schema`.`tables` WHERE `table_schema`=%(param1)s'
      values = {'param1': '_9a54aa6450761df8'}
      as_dict = 0
      as_list = 0
      debug = False
      ignore_ddl = 0
      auto_commit = 0
      update = None
      explain = False
      run = True
      pluck = True
      as_iterator = False
      query_type = 'select'
  File "apps/frappe/frappe/database/database.py", line 135, in connect
    self.get_connection()
      self = <frappe.database.mariadb.database.MariaDBDatabase object at 0x7eae3345f650>
  File "apps/frappe/frappe/database/mariadb/database.py", line 105, in get_connection
    conn = self._get_connection()
      self = <frappe.database.mariadb.database.MariaDBDatabase object at 0x7eae3345f650>
  File "apps/frappe/frappe/database/mariadb/database.py", line 111, in _get_connection
    return self.create_connection()
      self = <frappe.database.mariadb.database.MariaDBDatabase object at 0x7eae3345f650>
  File "apps/frappe/frappe/database/mariadb/database.py", line 114, in create_connection
    return pymysql.connect(**self.get_connection_settings())
      self = <frappe.database.mariadb.database.MariaDBDatabase object at 0x7eae3345f650>
  File "env/lib/python3.12/site-packages/pymysql/connections.py", line 361, in __init__
    self.connect()
      self = <pymysql.connections.Connection object at 0x7eae33da3e00>
      user = '_9a54aa6450761df8'
      password = ********
      host = '127.0.0.1'
      database = '_9a54aa6450761df8'
      unix_socket = None
      port = 3306
      charset = 'utf8mb4'
      collation = 'utf8mb4_unicode_ci'
      sql_mode = None
      read_default_file = None
      conv = {<class 'bool'>: <function escape_bool at 0x7eae32ff9120>, <class 'int'>: <function escape_int at 0x7eae32ff91c0>, <class 'float'>: <function escape_float at 0x7eae32ff9260>, <class 'str'>: <function escape_str at 0x7eae32ff94e0>, <class 'bytes'>: <function escape_bytes at 0x7eae32ff9440>, <class 'tuple'>: <function escape_sequence at 0x7eae32ff8fe0>, <class 'list'>: <function escape_sequence at 0x7eae32ff8fe0>, <class 'set'>: <function escape_sequence at 0x7eae32ff8fe0>, <class 'frozenset'>: <function escape_sequence at 0x7eae32ff8fe0>, <class 'dict'>: <function escape_dict at 0x7eae32ff8f40>, <class 'NoneType'>: <function escape_None at 0x7eae32ff9580>, <class 'datetime.date'>: <function escape_date at 0x7eae32ff9800>, <class 'datetime.datetime'>: <function escape_datetime at 0x7eae32ff9760>, <class 'datetime.timedelta'>: <function escape_timedelta at 0x7eae32ff9620>, <class 'datetime.time'>: <function escape_time at 0x7eae32ff96c0>, <class 'time.struct_time'>: <function escape_struc...
      use_unicode = True
      client_flag = 3842573
      cursorclass = <class 'pymysql.cursors.Cursor'>
      init_command = None
      connect_timeout = 10
      read_default_group = None
      autocommit = False
      local_infile = False
      max_allowed_packet = 16777216
      defer_connect = False
      auth_plugin_map = None
      read_timeout = None
      write_timeout = None
      bind_address = None
      binary_prefix = False
      program_name = None
      server_public_key = ********
      ssl = None
      ssl_ca = None
      ssl_cert = None
      ssl_disabled = None
      ssl_key = ********
      ssl_key_password = ********
      ssl_verify_cert = None
      ssl_verify_identity = None
      compress = None
      named_pipe = None
      passwd = ********
      db = None
  File "env/lib/python3.12/site-packages/pymysql/connections.py", line 669, in connect
    self._request_authentication()
      self = <pymysql.connections.Connection object at 0x7eae33da3e00>
      sock = <socket.socket [closed] fd=-1, family=2, type=1, proto=6>
      kwargs = {}
  File "env/lib/python3.12/site-packages/pymysql/connections.py", line 957, in _request_authentication
    auth_packet = self._read_packet()
      self = <pymysql.connections.Connection object at 0x7eae33da3e00>
      charset_id = 45
      data_init = b'\r\xa2:\x00\xff\xff\xff\x00-\x00\x00\x00\x00\x00\x00\x00\x00\x00\x00\x00\x00\x00\x00\x00\x00\x00\x00\x00\x00\x00\x00\x00'
      data = b'\r\xa2:\x00\xff\xff\xff\x00-\x00\x00\x00\x00\x00\x00\x00\x00\x00\x00\x00\x00\x00\x00\x00\x00\x00\x00\x00\x00\x00\x00\x00_9a54aa6450761df8\x00\x14@Vv5\x8f\xac\xe8Z\x83\x0e\x8e\xe4SN\xd8\x929/\n\x96_9a54aa6450761df8\x00mysql_native_password\x005\x0c_client_name\x07pymysql\x0f_client_version\x051.1.1\x04_pid\x048619'
      authresp = b'@Vv5\x8f\xac\xe8Z\x83\x0e\x8e\xe4SN\xd8\x929/\n\x96'
      plugin_name = b'mysql_native_password'
      connect_attrs = b'\x0c_client_name\x07pymysql\x0f_client_version\x051.1.1\x04_pid\x048619'
      k = b'_pid'
      v = b'8619'
  File "env/lib/python3.12/site-packages/pymysql/connections.py", line 775, in _read_packet
    packet.raise_for_error()
      self = <pymysql.connections.Connection object at 0x7eae33da3e00>
      packet_type = <class 'pymysql.protocol.MysqlPacket'>
      buff = bytearray(b"\xff\x15\x04#28000Access denied for user \'_9a54aa6450761df8\'@\'localhost\' (using password: YES)")
      packet_header = b'U\x00\x00\x02'
      btrl = 85
      btrh = 0
      packet_number = 2
      bytes_to_read = 85
      recv_data = b"\xff\x15\x04#28000Access denied for user '_9a54aa6450761df8'@'localhost' (using password: YES)"
      packet = <pymysql.protocol.MysqlPacket object at 0x7eae3254ebf0>
  File "env/lib/python3.12/site-packages/pymysql/protocol.py", line 219, in raise_for_error
    err.raise_mysql_exception(self._data)
      self = <pymysql.protocol.MysqlPacket object at 0x7eae3254ebf0>
      errno = 1045
  File "env/lib/python3.12/site-packages/pymysql/err.py", line 150, in raise_mysql_exception
    raise errorclass(errno, errval)
      data = b"\xff\x15\x04#28000Access denied for user '_9a54aa6450761df8'@'localhost' (using password: YES)"
      errno = 1045
      errval = "Access denied for user '_9a54aa6450761df8'@'localhost' (using password: YES)"
      errorclass = <class 'pymysql.err.OperationalError'>
pymysql.err.OperationalError: (1045, "Access denied for user '_9a54aa6450761df8'@'localhost' (using password: YES)")
set -o pipefail; /usr/bin/mariadb-dump --user=_3459fc20e3de2b0c --host=127.0.0.1 --port=3306 --password=********** --single-transaction --quick --lock-tables=false _3459fc20e3de2b0c | /usr/bin/gzip >> ./alumnimgmt.localhost/private/backups/20250515_180002-alumnimgmt_localhost-database.sql.gz

Backup Summary for alumnimgmt.localhost at 2025-05-15 18:00:04.149715
Config  : /home/pearl/alumnimgmtsystem/sites/alumnimgmt.localhost/private/backups/20250515_180002-alumnimgmt_localhost-site_config_backup.json 173.0B
Database: /home/pearl/alumnimgmtsystem/sites/alumnimgmt.localhost/private/backups/20250515_180002-alumnimgmt_localhost-database.sql.gz 561.4KiB
Backup for Site alumnimgmt.localhost has been successfully completed
Backup failed for Site library.localhost. Database or site_config.json may be corrupted
Traceback with variables (most recent call last):
  File "apps/frappe/frappe/commands/site.py", line 865, in backup
    odb = scheduled_backup(
      context = CliCtxObj(sites=['alumnimgmt.localhost', 'library.localhost'], force=False, profile=False, verbose=True)
      with_files = False
      backup_path = None
      backup_path_db = None
      backup_path_files = None
      backup_path_private_files = None
      backup_path_conf = None
      ignore_backup_conf = False
      verbose = True
      compress = False
      include = ''
      exclude = ''
      old_backup_metadata = False
      scheduled_backup = <function scheduled_backup at 0x7d96c673f880>
      exit_code = 0
      rollback_callback = None
      site = 'library.localhost'
      odb = <frappe.utils.backups.BackupGenerator object at 0x7d96c5b54b60>
  File "apps/frappe/frappe/utils/backups.py", line 589, in scheduled_backup
    return new_backup(
      older_than = 6
      ignore_files = True
      backup_path = None
      backup_path_db = None
      backup_path_files = None
      backup_path_private_files = None
      backup_path_conf = None
      ignore_conf = False
      include_doctypes = ''
      exclude_doctypes = ''
      compress = False
      force = True
      verbose = True
      old_backup_metadata = False
      rollback_callback = <frappe.utils.CallbackManager object at 0x7d96c5b56830>
  File "apps/frappe/frappe/utils/backups.py", line 626, in new_backup
    odb = BackupGenerator(
      older_than = 6
      ignore_files = True
      backup_path = None
      backup_path_db = None
      backup_path_files = None
      backup_path_private_files = None
      backup_path_conf = None
      ignore_conf = False
      include_doctypes = ''
      exclude_doctypes = ''
      compress = False
      force = True
      verbose = True
      old_backup_metadata = False
      rollback_callback = <frappe.utils.CallbackManager object at 0x7d96c5b56830>
  File "apps/frappe/frappe/utils/backups.py", line 89, in __init__
    self.setup_backup_tables()
      self = <frappe.utils.backups.BackupGenerator object at 0x7d96c5b55af0>
      db_name = '_9a54aa6450761df8'
      user = '_9a54aa6450761df8'
      password = ********
      backup_path = None
      backup_path_db = None
      backup_path_files = None
      backup_path_private_files = None
      db_socket = None
      db_host = '127.0.0.1'
      db_port = 3306
      db_type = 'mariadb'
      backup_path_conf = None
      ignore_conf = False
      compress_files = False
      include_doctypes = ''
      exclude_doctypes = ''
      verbose = True
      old_backup_metadata = False
      rollback_callback = <frappe.utils.CallbackManager object at 0x7d96c5b56830>
      site = 'library.localhost'
  File "apps/frappe/frappe/utils/backups.py", line 126, in setup_backup_tables
    self._set_existing_tables()
      self = <frappe.utils.backups.BackupGenerator object at 0x7d96c5b55af0>
  File "apps/frappe/frappe/utils/backups.py", line 122, in _set_existing_tables
    self._existing_tables = frappe.db.get_tables()
      self = <frappe.utils.backups.BackupGenerator object at 0x7d96c5b55af0>
  File "apps/frappe/frappe/database/mariadb/database.py", line 485, in get_tables
    .run(pluck=True)
      self = <frappe.database.mariadb.database.MariaDBDatabase object at 0x7d96c73bbfe0>
      cached = True
      to_query = True
      tables = None
      information_schema = <pypika.queries.Schema object at 0x7d96c6643470>
  File "apps/frappe/frappe/query_builder/utils.py", line 80, in execute_query
    result = frappe.db.sql(query, params, *args, **kwargs)  # nosemgrep
      query = 'SELECT `table_name` FROM `information_schema`.`tables` WHERE `table_schema`=%(param1)s'
      args = ()
      kwargs = {'pluck': True}
      child_queries = []
      params = {'param1': '_9a54aa6450761df8'}
  File "apps/frappe/frappe/database/database.py", line 237, in sql
    self.connect()
      self = <frappe.database.mariadb.database.MariaDBDatabase object at 0x7d96c73bbfe0>
      query = 'SELECT `table_name` FROM `information_schema`.`tables` WHERE `table_schema`=%(param1)s'
      values = {'param1': '_9a54aa6450761df8'}
      as_dict = 0
      as_list = 0
      debug = False
      ignore_ddl = 0
      auto_commit = 0
      update = None
      explain = False
      run = True
      pluck = True
      as_iterator = False
      query_type = 'select'
  File "apps/frappe/frappe/database/database.py", line 135, in connect
    self.get_connection()
      self = <frappe.database.mariadb.database.MariaDBDatabase object at 0x7d96c73bbfe0>
  File "apps/frappe/frappe/database/mariadb/database.py", line 105, in get_connection
    conn = self._get_connection()
      self = <frappe.database.mariadb.database.MariaDBDatabase object at 0x7d96c73bbfe0>
  File "apps/frappe/frappe/database/mariadb/database.py", line 111, in _get_connection
    return self.create_connection()
      self = <frappe.database.mariadb.database.MariaDBDatabase object at 0x7d96c73bbfe0>
  File "apps/frappe/frappe/database/mariadb/database.py", line 114, in create_connection
    return pymysql.connect(**self.get_connection_settings())
      self = <frappe.database.mariadb.database.MariaDBDatabase object at 0x7d96c73bbfe0>
  File "env/lib/python3.12/site-packages/pymysql/connections.py", line 361, in __init__
    self.connect()
      self = <pymysql.connections.Connection object at 0x7d96c66ec230>
      user = '_9a54aa6450761df8'
      password = ********
      host = '127.0.0.1'
      database = '_9a54aa6450761df8'
      unix_socket = None
      port = 3306
      charset = 'utf8mb4'
      collation = 'utf8mb4_unicode_ci'
      sql_mode = None
      read_default_file = None
      conv = {<class 'bool'>: <function escape_bool at 0x7d96c6601120>, <class 'int'>: <function escape_int at 0x7d96c66011c0>, <class 'float'>: <function escape_float at 0x7d96c6601260>, <class 'str'>: <function escape_str at 0x7d96c66014e0>, <class 'bytes'>: <function escape_bytes at 0x7d96c6601440>, <class 'tuple'>: <function escape_sequence at 0x7d96c6600fe0>, <class 'list'>: <function escape_sequence at 0x7d96c6600fe0>, <class 'set'>: <function escape_sequence at 0x7d96c6600fe0>, <class 'frozenset'>: <function escape_sequence at 0x7d96c6600fe0>, <class 'dict'>: <function escape_dict at 0x7d96c6600f40>, <class 'NoneType'>: <function escape_None at 0x7d96c6601580>, <class 'datetime.date'>: <function escape_date at 0x7d96c6601800>, <class 'datetime.datetime'>: <function escape_datetime at 0x7d96c6601760>, <class 'datetime.timedelta'>: <function escape_timedelta at 0x7d96c6601620>, <class 'datetime.time'>: <function escape_time at 0x7d96c66016c0>, <class 'time.struct_time'>: <function escape_struc...
      use_unicode = True
      client_flag = 3842573
      cursorclass = <class 'pymysql.cursors.Cursor'>
      init_command = None
      connect_timeout = 10
      read_default_group = None
      autocommit = False
      local_infile = False
      max_allowed_packet = 16777216
      defer_connect = False
      auth_plugin_map = None
      read_timeout = None
      write_timeout = None
      bind_address = None
      binary_prefix = False
      program_name = None
      server_public_key = ********
      ssl = None
      ssl_ca = None
      ssl_cert = None
      ssl_disabled = None
      ssl_key = ********
      ssl_key_password = ********
      ssl_verify_cert = None
      ssl_verify_identity = None
      compress = None
      named_pipe = None
      passwd = ********
      db = None
  File "env/lib/python3.12/site-packages/pymysql/connections.py", line 669, in connect
    self._request_authentication()
      self = <pymysql.connections.Connection object at 0x7d96c66ec230>
      sock = <socket.socket [closed] fd=-1, family=2, type=1, proto=6>
      kwargs = {}
  File "env/lib/python3.12/site-packages/pymysql/connections.py", line 957, in _request_authentication
    auth_packet = self._read_packet()
      self = <pymysql.connections.Connection object at 0x7d96c66ec230>
      charset_id = 45
      data_init = b'\r\xa2:\x00\xff\xff\xff\x00-\x00\x00\x00\x00\x00\x00\x00\x00\x00\x00\x00\x00\x00\x00\x00\x00\x00\x00\x00\x00\x00\x00\x00'
      data = b'\r\xa2:\x00\xff\xff\xff\x00-\x00\x00\x00\x00\x00\x00\x00\x00\x00\x00\x00\x00\x00\x00\x00\x00\x00\x00\x00\x00\x00\x00\x00_9a54aa6450761df8\x00\x14\\eD\xa7\x85kJ\xdb4O\x80\xb9\r\x82\x19\x0fL\x1a\x8c\xf3_9a54aa6450761df8\x00mysql_native_password\x005\x0c_client_name\x07pymysql\x0f_client_version\x051.1.1\x04_pid\x049476'
      authresp = b'\\eD\xa7\x85kJ\xdb4O\x80\xb9\r\x82\x19\x0fL\x1a\x8c\xf3'
      plugin_name = b'mysql_native_password'
      connect_attrs = b'\x0c_client_name\x07pymysql\x0f_client_version\x051.1.1\x04_pid\x049476'
      k = b'_pid'
      v = b'9476'
  File "env/lib/python3.12/site-packages/pymysql/connections.py", line 775, in _read_packet
    packet.raise_for_error()
      self = <pymysql.connections.Connection object at 0x7d96c66ec230>
      packet_type = <class 'pymysql.protocol.MysqlPacket'>
      buff = bytearray(b"\xff\x15\x04#28000Access denied for user \'_9a54aa6450761df8\'@\'localhost\' (using password: YES)")
      packet_header = b'U\x00\x00\x02'
      btrl = 85
      btrh = 0
      packet_number = 2
      bytes_to_read = 85
      recv_data = b"\xff\x15\x04#28000Access denied for user '_9a54aa6450761df8'@'localhost' (using password: YES)"
      packet = <pymysql.protocol.MysqlPacket object at 0x7d96c5b56ad0>
  File "env/lib/python3.12/site-packages/pymysql/protocol.py", line 219, in raise_for_error
    err.raise_mysql_exception(self._data)
      self = <pymysql.protocol.MysqlPacket object at 0x7d96c5b56ad0>
      errno = 1045
  File "env/lib/python3.12/site-packages/pymysql/err.py", line 150, in raise_mysql_exception
    raise errorclass(errno, errval)
      data = b"\xff\x15\x04#28000Access denied for user '_9a54aa6450761df8'@'localhost' (using password: YES)"
      errno = 1045
      errval = "Access denied for user '_9a54aa6450761df8'@'localhost' (using password: YES)"
      errorclass = <class 'pymysql.err.OperationalError'>
pymysql.err.OperationalError: (1045, "Access denied for user '_9a54aa6450761df8'@'localhost' (using password: YES)")
set -o pipefail; /usr/bin/mariadb-dump --user=_3459fc20e3de2b0c --host=127.0.0.1 --port=3306 --password=********** --single-transaction --quick --lock-tables=false _3459fc20e3de2b0c | /usr/bin/gzip >> ./alumnimgmt.localhost/private/backups/20250516_120003-alumnimgmt_localhost-database.sql.gz

Backup Summary for alumnimgmt.localhost at 2025-05-16 12:00:05.633643
Config  : /home/pearl/alumnimgmtsystem/sites/alumnimgmt.localhost/private/backups/20250516_120003-alumnimgmt_localhost-site_config_backup.json 173.0B
Database: /home/pearl/alumnimgmtsystem/sites/alumnimgmt.localhost/private/backups/20250516_120003-alumnimgmt_localhost-database.sql.gz 563.1KiB
Backup for Site alumnimgmt.localhost has been successfully completed
Backup failed for Site library.localhost. Database or site_config.json may be corrupted
Traceback with variables (most recent call last):
  File "apps/frappe/frappe/commands/site.py", line 865, in backup
    odb = scheduled_backup(
      context = CliCtxObj(sites=['alumnimgmt.localhost', 'library.localhost'], force=False, profile=False, verbose=True)
      with_files = False
      backup_path = None
      backup_path_db = None
      backup_path_files = None
      backup_path_private_files = None
      backup_path_conf = None
      ignore_backup_conf = False
      verbose = True
      compress = False
      include = ''
      exclude = ''
      old_backup_metadata = False
      scheduled_backup = <function scheduled_backup at 0x78838a537880>
      exit_code = 0
      rollback_callback = None
      site = 'library.localhost'
      odb = <frappe.utils.backups.BackupGenerator object at 0x788389987e60>
  File "apps/frappe/frappe/utils/backups.py", line 589, in scheduled_backup
    return new_backup(
      older_than = 6
      ignore_files = True
      backup_path = None
      backup_path_db = None
      backup_path_files = None
      backup_path_private_files = None
      backup_path_conf = None
      ignore_conf = False
      include_doctypes = ''
      exclude_doctypes = ''
      compress = False
      force = True
      verbose = True
      old_backup_metadata = False
      rollback_callback = <frappe.utils.CallbackManager object at 0x78838974ff70>
  File "apps/frappe/frappe/utils/backups.py", line 626, in new_backup
    odb = BackupGenerator(
      older_than = 6
      ignore_files = True
      backup_path = None
      backup_path_db = None
      backup_path_files = None
      backup_path_private_files = None
      backup_path_conf = None
      ignore_conf = False
      include_doctypes = ''
      exclude_doctypes = ''
      compress = False
      force = True
      verbose = True
      old_backup_metadata = False
      rollback_callback = <frappe.utils.CallbackManager object at 0x78838974ff70>
  File "apps/frappe/frappe/utils/backups.py", line 89, in __init__
    self.setup_backup_tables()
      self = <frappe.utils.backups.BackupGenerator object at 0x78838974fc50>
      db_name = '_9a54aa6450761df8'
      user = '_9a54aa6450761df8'
      password = ********
      backup_path = None
      backup_path_db = None
      backup_path_files = None
      backup_path_private_files = None
      db_socket = None
      db_host = '127.0.0.1'
      db_port = 3306
      db_type = 'mariadb'
      backup_path_conf = None
      ignore_conf = False
      compress_files = False
      include_doctypes = ''
      exclude_doctypes = ''
      verbose = True
      old_backup_metadata = False
      rollback_callback = <frappe.utils.CallbackManager object at 0x78838974ff70>
      site = 'library.localhost'
  File "apps/frappe/frappe/utils/backups.py", line 126, in setup_backup_tables
    self._set_existing_tables()
      self = <frappe.utils.backups.BackupGenerator object at 0x78838974fc50>
  File "apps/frappe/frappe/utils/backups.py", line 122, in _set_existing_tables
    self._existing_tables = frappe.db.get_tables()
      self = <frappe.utils.backups.BackupGenerator object at 0x78838974fc50>
  File "apps/frappe/frappe/database/mariadb/database.py", line 485, in get_tables
    .run(pluck=True)
      self = <frappe.database.mariadb.database.MariaDBDatabase object at 0x78838b9e9d30>
      cached = True
      to_query = True
      tables = None
      information_schema = <pypika.queries.Schema object at 0x788389253a70>
  File "apps/frappe/frappe/query_builder/utils.py", line 80, in execute_query
    result = frappe.db.sql(query, params, *args, **kwargs)  # nosemgrep
      query = 'SELECT `table_name` FROM `information_schema`.`tables` WHERE `table_schema`=%(param1)s'
      args = ()
      kwargs = {'pluck': True}
      child_queries = []
      params = {'param1': '_9a54aa6450761df8'}
  File "apps/frappe/frappe/database/database.py", line 237, in sql
    self.connect()
      self = <frappe.database.mariadb.database.MariaDBDatabase object at 0x78838b9e9d30>
      query = 'SELECT `table_name` FROM `information_schema`.`tables` WHERE `table_schema`=%(param1)s'
      values = {'param1': '_9a54aa6450761df8'}
      as_dict = 0
      as_list = 0
      debug = False
      ignore_ddl = 0
      auto_commit = 0
      update = None
      explain = False
      run = True
      pluck = True
      as_iterator = False
      query_type = 'select'
  File "apps/frappe/frappe/database/database.py", line 135, in connect
    self.get_connection()
      self = <frappe.database.mariadb.database.MariaDBDatabase object at 0x78838b9e9d30>
  File "apps/frappe/frappe/database/mariadb/database.py", line 105, in get_connection
    conn = self._get_connection()
      self = <frappe.database.mariadb.database.MariaDBDatabase object at 0x78838b9e9d30>
  File "apps/frappe/frappe/database/mariadb/database.py", line 111, in _get_connection
    return self.create_connection()
      self = <frappe.database.mariadb.database.MariaDBDatabase object at 0x78838b9e9d30>
  File "apps/frappe/frappe/database/mariadb/database.py", line 114, in create_connection
    return pymysql.connect(**self.get_connection_settings())
      self = <frappe.database.mariadb.database.MariaDBDatabase object at 0x78838b9e9d30>
  File "env/lib/python3.12/site-packages/pymysql/connections.py", line 361, in __init__
    self.connect()
      self = <pymysql.connections.Connection object at 0x78838940f740>
      user = '_9a54aa6450761df8'
      password = ********
      host = '127.0.0.1'
      database = '_9a54aa6450761df8'
      unix_socket = None
      port = 3306
      charset = 'utf8mb4'
      collation = 'utf8mb4_unicode_ci'
      sql_mode = None
      read_default_file = None
      conv = {<class 'bool'>: <function escape_bool at 0x788389991120>, <class 'int'>: <function escape_int at 0x7883899911c0>, <class 'float'>: <function escape_float at 0x788389991260>, <class 'str'>: <function escape_str at 0x7883899914e0>, <class 'bytes'>: <function escape_bytes at 0x788389991440>, <class 'tuple'>: <function escape_sequence at 0x788389990fe0>, <class 'list'>: <function escape_sequence at 0x788389990fe0>, <class 'set'>: <function escape_sequence at 0x788389990fe0>, <class 'frozenset'>: <function escape_sequence at 0x788389990fe0>, <class 'dict'>: <function escape_dict at 0x788389990f40>, <class 'NoneType'>: <function escape_None at 0x788389991580>, <class 'datetime.date'>: <function escape_date at 0x788389991800>, <class 'datetime.datetime'>: <function escape_datetime at 0x788389991760>, <class 'datetime.timedelta'>: <function escape_timedelta at 0x788389991620>, <class 'datetime.time'>: <function escape_time at 0x7883899916c0>, <class 'time.struct_time'>: <function escape_struc...
      use_unicode = True
      client_flag = 3842573
      cursorclass = <class 'pymysql.cursors.Cursor'>
      init_command = None
      connect_timeout = 10
      read_default_group = None
      autocommit = False
      local_infile = False
      max_allowed_packet = 16777216
      defer_connect = False
      auth_plugin_map = None
      read_timeout = None
      write_timeout = None
      bind_address = None
      binary_prefix = False
      program_name = None
      server_public_key = ********
      ssl = None
      ssl_ca = None
      ssl_cert = None
      ssl_disabled = None
      ssl_key = ********
      ssl_key_password = ********
      ssl_verify_cert = None
      ssl_verify_identity = None
      compress = None
      named_pipe = None
      passwd = ********
      db = None
  File "env/lib/python3.12/site-packages/pymysql/connections.py", line 669, in connect
    self._request_authentication()
      self = <pymysql.connections.Connection object at 0x78838940f740>
      sock = <socket.socket [closed] fd=-1, family=2, type=1, proto=6>
      kwargs = {}
  File "env/lib/python3.12/site-packages/pymysql/connections.py", line 957, in _request_authentication
    auth_packet = self._read_packet()
      self = <pymysql.connections.Connection object at 0x78838940f740>
      charset_id = 45
      data_init = b'\r\xa2:\x00\xff\xff\xff\x00-\x00\x00\x00\x00\x00\x00\x00\x00\x00\x00\x00\x00\x00\x00\x00\x00\x00\x00\x00\x00\x00\x00\x00'
      data = b'\r\xa2:\x00\xff\xff\xff\x00-\x00\x00\x00\x00\x00\x00\x00\x00\x00\x00\x00\x00\x00\x00\x00\x00\x00\x00\x00\x00\x00\x00\x00_9a54aa6450761df8\x00\x14\xe16\xdanV&Y\xde\x81\xce\x1c\x16\t\xd9\x9c\x85\x8a\xbe\xbe<_9a54aa6450761df8\x00mysql_native_password\x005\x0c_client_name\x07pymysql\x0f_client_version\x051.1.1\x04_pid\x048127'
      authresp = b'\xe16\xdanV&Y\xde\x81\xce\x1c\x16\t\xd9\x9c\x85\x8a\xbe\xbe<'
      plugin_name = b'mysql_native_password'
      connect_attrs = b'\x0c_client_name\x07pymysql\x0f_client_version\x051.1.1\x04_pid\x048127'
      k = b'_pid'
      v = b'8127'
  File "env/lib/python3.12/site-packages/pymysql/connections.py", line 775, in _read_packet
    packet.raise_for_error()
      self = <pymysql.connections.Connection object at 0x78838940f740>
      packet_type = <class 'pymysql.protocol.MysqlPacket'>
      buff = bytearray(b"\xff\x15\x04#28000Access denied for user \'_9a54aa6450761df8\'@\'localhost\' (using password: YES)")
      packet_header = b'U\x00\x00\x02'
      btrl = 85
      btrh = 0
      packet_number = 2
      bytes_to_read = 85
      recv_data = b"\xff\x15\x04#28000Access denied for user '_9a54aa6450761df8'@'localhost' (using password: YES)"
      packet = <pymysql.protocol.MysqlPacket object at 0x788389212320>
  File "env/lib/python3.12/site-packages/pymysql/protocol.py", line 219, in raise_for_error
    err.raise_mysql_exception(self._data)
      self = <pymysql.protocol.MysqlPacket object at 0x788389212320>
      errno = 1045
  File "env/lib/python3.12/site-packages/pymysql/err.py", line 150, in raise_mysql_exception
    raise errorclass(errno, errval)
      data = b"\xff\x15\x04#28000Access denied for user '_9a54aa6450761df8'@'localhost' (using password: YES)"
      errno = 1045
      errval = "Access denied for user '_9a54aa6450761df8'@'localhost' (using password: YES)"
      errorclass = <class 'pymysql.err.OperationalError'>
pymysql.err.OperationalError: (1045, "Access denied for user '_9a54aa6450761df8'@'localhost' (using password: YES)")
set -o pipefail; /usr/bin/mariadb-dump --user=_3459fc20e3de2b0c --host=127.0.0.1 --port=3306 --password=********** --single-transaction --quick --lock-tables=false _3459fc20e3de2b0c | /usr/bin/gzip >> ./alumnimgmt.localhost/private/backups/20250516_180003-alumnimgmt_localhost-database.sql.gz

Backup Summary for alumnimgmt.localhost at 2025-05-16 18:00:05.276307
Config  : /home/pearl/alumnimgmtsystem/sites/alumnimgmt.localhost/private/backups/20250516_180003-alumnimgmt_localhost-site_config_backup.json 173.0B
Database: /home/pearl/alumnimgmtsystem/sites/alumnimgmt.localhost/private/backups/20250516_180003-alumnimgmt_localhost-database.sql.gz 571.0KiB
Backup for Site alumnimgmt.localhost has been successfully completed
Backup failed for Site library.localhost. Database or site_config.json may be corrupted
Traceback with variables (most recent call last):
  File "apps/frappe/frappe/commands/site.py", line 865, in backup
    odb = scheduled_backup(
      context = CliCtxObj(sites=['alumnimgmt.localhost', 'library.localhost'], force=False, profile=False, verbose=True)
      with_files = False
      backup_path = None
      backup_path_db = None
      backup_path_files = None
      backup_path_private_files = None
      backup_path_conf = None
      ignore_backup_conf = False
      verbose = True
      compress = False
      include = ''
      exclude = ''
      old_backup_metadata = False
      scheduled_backup = <function scheduled_backup at 0x7b1382007880>
      exit_code = 0
      rollback_callback = None
      site = 'library.localhost'
      odb = <frappe.utils.backups.BackupGenerator object at 0x7b138135fc50>
  File "apps/frappe/frappe/utils/backups.py", line 589, in scheduled_backup
    return new_backup(
      older_than = 6
      ignore_files = True
      backup_path = None
      backup_path_db = None
      backup_path_files = None
      backup_path_private_files = None
      backup_path_conf = None
      ignore_conf = False
      include_doctypes = ''
      exclude_doctypes = ''
      compress = False
      force = True
      verbose = True
      old_backup_metadata = False
      rollback_callback = <frappe.utils.CallbackManager object at 0x7b138122bc70>
  File "apps/frappe/frappe/utils/backups.py", line 626, in new_backup
    odb = BackupGenerator(
      older_than = 6
      ignore_files = True
      backup_path = None
      backup_path_db = None
      backup_path_files = None
      backup_path_private_files = None
      backup_path_conf = None
      ignore_conf = False
      include_doctypes = ''
      exclude_doctypes = ''
      compress = False
      force = True
      verbose = True
      old_backup_metadata = False
      rollback_callback = <frappe.utils.CallbackManager object at 0x7b138122bc70>
  File "apps/frappe/frappe/utils/backups.py", line 89, in __init__
    self.setup_backup_tables()
      self = <frappe.utils.backups.BackupGenerator object at 0x7b138122bef0>
      db_name = '_9a54aa6450761df8'
      user = '_9a54aa6450761df8'
      password = ********
      backup_path = None
      backup_path_db = None
      backup_path_files = None
      backup_path_private_files = None
      db_socket = None
      db_host = '127.0.0.1'
      db_port = 3306
      db_type = 'mariadb'
      backup_path_conf = None
      ignore_conf = False
      compress_files = False
      include_doctypes = ''
      exclude_doctypes = ''
      verbose = True
      old_backup_metadata = False
      rollback_callback = <frappe.utils.CallbackManager object at 0x7b138122bc70>
      site = 'library.localhost'
  File "apps/frappe/frappe/utils/backups.py", line 126, in setup_backup_tables
    self._set_existing_tables()
      self = <frappe.utils.backups.BackupGenerator object at 0x7b138122bef0>
  File "apps/frappe/frappe/utils/backups.py", line 122, in _set_existing_tables
    self._existing_tables = frappe.db.get_tables()
      self = <frappe.utils.backups.BackupGenerator object at 0x7b138122bef0>
  File "apps/frappe/frappe/database/mariadb/database.py", line 485, in get_tables
    .run(pluck=True)
      self = <frappe.database.mariadb.database.MariaDBDatabase object at 0x7b1381fb9ac0>
      cached = True
      to_query = True
      tables = None
      information_schema = <pypika.queries.Schema object at 0x7b138122b8f0>
  File "apps/frappe/frappe/query_builder/utils.py", line 80, in execute_query
    result = frappe.db.sql(query, params, *args, **kwargs)  # nosemgrep
      query = 'SELECT `table_name` FROM `information_schema`.`tables` WHERE `table_schema`=%(param1)s'
      args = ()
      kwargs = {'pluck': True}
      child_queries = []
      params = {'param1': '_9a54aa6450761df8'}
  File "apps/frappe/frappe/database/database.py", line 237, in sql
    self.connect()
      self = <frappe.database.mariadb.database.MariaDBDatabase object at 0x7b1381fb9ac0>
      query = 'SELECT `table_name` FROM `information_schema`.`tables` WHERE `table_schema`=%(param1)s'
      values = {'param1': '_9a54aa6450761df8'}
      as_dict = 0
      as_list = 0
      debug = False
      ignore_ddl = 0
      auto_commit = 0
      update = None
      explain = False
      run = True
      pluck = True
      as_iterator = False
      query_type = 'select'
  File "apps/frappe/frappe/database/database.py", line 135, in connect
    self.get_connection()
      self = <frappe.database.mariadb.database.MariaDBDatabase object at 0x7b1381fb9ac0>
  File "apps/frappe/frappe/database/mariadb/database.py", line 105, in get_connection
    conn = self._get_connection()
      self = <frappe.database.mariadb.database.MariaDBDatabase object at 0x7b1381fb9ac0>
  File "apps/frappe/frappe/database/mariadb/database.py", line 111, in _get_connection
    return self.create_connection()
      self = <frappe.database.mariadb.database.MariaDBDatabase object at 0x7b1381fb9ac0>
  File "apps/frappe/frappe/database/mariadb/database.py", line 114, in create_connection
    return pymysql.connect(**self.get_connection_settings())
      self = <frappe.database.mariadb.database.MariaDBDatabase object at 0x7b1381fb9ac0>
  File "env/lib/python3.12/site-packages/pymysql/connections.py", line 361, in __init__
    self.connect()
      self = <pymysql.connections.Connection object at 0x7b138122aff0>
      user = '_9a54aa6450761df8'
      password = ********
      host = '127.0.0.1'
      database = '_9a54aa6450761df8'
      unix_socket = None
      port = 3306
      charset = 'utf8mb4'
      collation = 'utf8mb4_unicode_ci'
      sql_mode = None
      read_default_file = None
      conv = {<class 'bool'>: <function escape_bool at 0x7b1381e8d120>, <class 'int'>: <function escape_int at 0x7b1381e8d1c0>, <class 'float'>: <function escape_float at 0x7b1381e8d260>, <class 'str'>: <function escape_str at 0x7b1381e8d4e0>, <class 'bytes'>: <function escape_bytes at 0x7b1381e8d440>, <class 'tuple'>: <function escape_sequence at 0x7b1381e8cfe0>, <class 'list'>: <function escape_sequence at 0x7b1381e8cfe0>, <class 'set'>: <function escape_sequence at 0x7b1381e8cfe0>, <class 'frozenset'>: <function escape_sequence at 0x7b1381e8cfe0>, <class 'dict'>: <function escape_dict at 0x7b1381e8cf40>, <class 'NoneType'>: <function escape_None at 0x7b1381e8d580>, <class 'datetime.date'>: <function escape_date at 0x7b1381e8d800>, <class 'datetime.datetime'>: <function escape_datetime at 0x7b1381e8d760>, <class 'datetime.timedelta'>: <function escape_timedelta at 0x7b1381e8d620>, <class 'datetime.time'>: <function escape_time at 0x7b1381e8d6c0>, <class 'time.struct_time'>: <function escape_struc...
      use_unicode = True
      client_flag = 3842573
      cursorclass = <class 'pymysql.cursors.Cursor'>
      init_command = None
      connect_timeout = 10
      read_default_group = None
      autocommit = False
      local_infile = False
      max_allowed_packet = 16777216
      defer_connect = False
      auth_plugin_map = None
      read_timeout = None
      write_timeout = None
      bind_address = None
      binary_prefix = False
      program_name = None
      server_public_key = ********
      ssl = None
      ssl_ca = None
      ssl_cert = None
      ssl_disabled = None
      ssl_key = ********
      ssl_key_password = ********
      ssl_verify_cert = None
      ssl_verify_identity = None
      compress = None
      named_pipe = None
      passwd = ********
      db = None
  File "env/lib/python3.12/site-packages/pymysql/connections.py", line 669, in connect
    self._request_authentication()
      self = <pymysql.connections.Connection object at 0x7b138122aff0>
      sock = <socket.socket [closed] fd=-1, family=2, type=1, proto=6>
      kwargs = {}
  File "env/lib/python3.12/site-packages/pymysql/connections.py", line 957, in _request_authentication
    auth_packet = self._read_packet()
      self = <pymysql.connections.Connection object at 0x7b138122aff0>
      charset_id = 45
      data_init = b'\r\xa2:\x00\xff\xff\xff\x00-\x00\x00\x00\x00\x00\x00\x00\x00\x00\x00\x00\x00\x00\x00\x00\x00\x00\x00\x00\x00\x00\x00\x00'
      data = b'\r\xa2:\x00\xff\xff\xff\x00-\x00\x00\x00\x00\x00\x00\x00\x00\x00\x00\x00\x00\x00\x00\x00\x00\x00\x00\x00\x00\x00\x00\x00_9a54aa6450761df8\x00\x14\x01\xc3S\x99\xd4;\xcf\xe0M\x00\xf9IAg\xea\x94\xae\xceS\xab_9a54aa6450761df8\x00mysql_native_password\x005\x0c_client_name\x07pymysql\x0f_client_version\x051.1.1\x04_pid\x049639'
      authresp = b'\x01\xc3S\x99\xd4;\xcf\xe0M\x00\xf9IAg\xea\x94\xae\xceS\xab'
      plugin_name = b'mysql_native_password'
      connect_attrs = b'\x0c_client_name\x07pymysql\x0f_client_version\x051.1.1\x04_pid\x049639'
      k = b'_pid'
      v = b'9639'
  File "env/lib/python3.12/site-packages/pymysql/connections.py", line 775, in _read_packet
    packet.raise_for_error()
      self = <pymysql.connections.Connection object at 0x7b138122aff0>
      packet_type = <class 'pymysql.protocol.MysqlPacket'>
      buff = bytearray(b"\xff\x15\x04#28000Access denied for user \'_9a54aa6450761df8\'@\'localhost\' (using password: YES)")
      packet_header = b'U\x00\x00\x02'
      btrl = 85
      btrh = 0
      packet_number = 2
      bytes_to_read = 85
      recv_data = b"\xff\x15\x04#28000Access denied for user '_9a54aa6450761df8'@'localhost' (using password: YES)"
      packet = <pymysql.protocol.MysqlPacket object at 0x7b138122bcd0>
  File "env/lib/python3.12/site-packages/pymysql/protocol.py", line 219, in raise_for_error
    err.raise_mysql_exception(self._data)
      self = <pymysql.protocol.MysqlPacket object at 0x7b138122bcd0>
      errno = 1045
  File "env/lib/python3.12/site-packages/pymysql/err.py", line 150, in raise_mysql_exception
    raise errorclass(errno, errval)
      data = b"\xff\x15\x04#28000Access denied for user '_9a54aa6450761df8'@'localhost' (using password: YES)"
      errno = 1045
      errval = "Access denied for user '_9a54aa6450761df8'@'localhost' (using password: YES)"
      errorclass = <class 'pymysql.err.OperationalError'>
pymysql.err.OperationalError: (1045, "Access denied for user '_9a54aa6450761df8'@'localhost' (using password: YES)")
set -o pipefail; /usr/bin/mariadb-dump --user=_3459fc20e3de2b0c --host=127.0.0.1 --port=3306 --password=********** --single-transaction --quick --lock-tables=false _3459fc20e3de2b0c | /usr/bin/gzip >> ./alumnimgmt.localhost/private/backups/20250518_180002-alumnimgmt_localhost-database.sql.gz

Backup Summary for alumnimgmt.localhost at 2025-05-18 18:00:03.833377
Config  : /home/pearl/alumnimgmtsystem/sites/alumnimgmt.localhost/private/backups/20250518_180002-alumnimgmt_localhost-site_config_backup.json 173.0B
Database: /home/pearl/alumnimgmtsystem/sites/alumnimgmt.localhost/private/backups/20250518_180002-alumnimgmt_localhost-database.sql.gz 610.2KiB
Backup for Site alumnimgmt.localhost has been successfully completed
Backup failed for Site library.localhost. Database or site_config.json may be corrupted
Traceback with variables (most recent call last):
  File "apps/frappe/frappe/commands/site.py", line 865, in backup
    odb = scheduled_backup(
      context = CliCtxObj(sites=['alumnimgmt.localhost', 'library.localhost'], force=False, profile=False, verbose=True)
      with_files = False
      backup_path = None
      backup_path_db = None
      backup_path_files = None
      backup_path_private_files = None
      backup_path_conf = None
      ignore_backup_conf = False
      verbose = True
      compress = False
      include = ''
      exclude = ''
      old_backup_metadata = False
      scheduled_backup = <function scheduled_backup at 0x772499403880>
      exit_code = 0
      rollback_callback = None
      site = 'library.localhost'
      odb = <frappe.utils.backups.BackupGenerator object at 0x7724994eaa80>
  File "apps/frappe/frappe/utils/backups.py", line 589, in scheduled_backup
    return new_backup(
      older_than = 6
      ignore_files = True
      backup_path = None
      backup_path_db = None
      backup_path_files = None
      backup_path_private_files = None
      backup_path_conf = None
      ignore_conf = False
      include_doctypes = ''
      exclude_doctypes = ''
      compress = False
      force = True
      verbose = True
      old_backup_metadata = False
      rollback_callback = <frappe.utils.CallbackManager object at 0x77249861fd60>
  File "apps/frappe/frappe/utils/backups.py", line 626, in new_backup
    odb = BackupGenerator(
      older_than = 6
      ignore_files = True
      backup_path = None
      backup_path_db = None
      backup_path_files = None
      backup_path_private_files = None
      backup_path_conf = None
      ignore_conf = False
      include_doctypes = ''
      exclude_doctypes = ''
      compress = False
      force = True
      verbose = True
      old_backup_metadata = False
      rollback_callback = <frappe.utils.CallbackManager object at 0x77249861fd60>
  File "apps/frappe/frappe/utils/backups.py", line 89, in __init__
    self.setup_backup_tables()
      self = <frappe.utils.backups.BackupGenerator object at 0x77249861ffb0>
      db_name = '_9a54aa6450761df8'
      user = '_9a54aa6450761df8'
      password = ********
      backup_path = None
      backup_path_db = None
      backup_path_files = None
      backup_path_private_files = None
      db_socket = None
      db_host = '127.0.0.1'
      db_port = 3306
      db_type = 'mariadb'
      backup_path_conf = None
      ignore_conf = False
      compress_files = False
      include_doctypes = ''
      exclude_doctypes = ''
      verbose = True
      old_backup_metadata = False
      rollback_callback = <frappe.utils.CallbackManager object at 0x77249861fd60>
      site = 'library.localhost'
  File "apps/frappe/frappe/utils/backups.py", line 126, in setup_backup_tables
    self._set_existing_tables()
      self = <frappe.utils.backups.BackupGenerator object at 0x77249861ffb0>
  File "apps/frappe/frappe/utils/backups.py", line 122, in _set_existing_tables
    self._existing_tables = frappe.db.get_tables()
      self = <frappe.utils.backups.BackupGenerator object at 0x77249861ffb0>
  File "apps/frappe/frappe/database/mariadb/database.py", line 485, in get_tables
    .run(pluck=True)
      self = <frappe.database.mariadb.database.MariaDBDatabase object at 0x772498699dc0>
      cached = True
      to_query = True
      tables = None
      information_schema = <pypika.queries.Schema object at 0x77249861fce0>
  File "apps/frappe/frappe/query_builder/utils.py", line 80, in execute_query
    result = frappe.db.sql(query, params, *args, **kwargs)  # nosemgrep
      query = 'SELECT `table_name` FROM `information_schema`.`tables` WHERE `table_schema`=%(param1)s'
      args = ()
      kwargs = {'pluck': True}
      child_queries = []
      params = {'param1': '_9a54aa6450761df8'}
  File "apps/frappe/frappe/database/database.py", line 237, in sql
    self.connect()
      self = <frappe.database.mariadb.database.MariaDBDatabase object at 0x772498699dc0>
      query = 'SELECT `table_name` FROM `information_schema`.`tables` WHERE `table_schema`=%(param1)s'
      values = {'param1': '_9a54aa6450761df8'}
      as_dict = 0
      as_list = 0
      debug = False
      ignore_ddl = 0
      auto_commit = 0
      update = None
      explain = False
      run = True
      pluck = True
      as_iterator = False
      query_type = 'select'
  File "apps/frappe/frappe/database/database.py", line 135, in connect
    self.get_connection()
      self = <frappe.database.mariadb.database.MariaDBDatabase object at 0x772498699dc0>
  File "apps/frappe/frappe/database/mariadb/database.py", line 105, in get_connection
    conn = self._get_connection()
      self = <frappe.database.mariadb.database.MariaDBDatabase object at 0x772498699dc0>
  File "apps/frappe/frappe/database/mariadb/database.py", line 111, in _get_connection
    return self.create_connection()
      self = <frappe.database.mariadb.database.MariaDBDatabase object at 0x772498699dc0>
  File "apps/frappe/frappe/database/mariadb/database.py", line 114, in create_connection
    return pymysql.connect(**self.get_connection_settings())
      self = <frappe.database.mariadb.database.MariaDBDatabase object at 0x772498699dc0>
  File "env/lib/python3.12/site-packages/pymysql/connections.py", line 361, in __init__
    self.connect()
      self = <pymysql.connections.Connection object at 0x7724991deb70>
      user = '_9a54aa6450761df8'
      password = ********
      host = '127.0.0.1'
      database = '_9a54aa6450761df8'
      unix_socket = None
      port = 3306
      charset = 'utf8mb4'
      collation = 'utf8mb4_unicode_ci'
      sql_mode = None
      read_default_file = None
      conv = {<class 'bool'>: <function escape_bool at 0x772499289120>, <class 'int'>: <function escape_int at 0x7724992891c0>, <class 'float'>: <function escape_float at 0x772499289260>, <class 'str'>: <function escape_str at 0x7724992894e0>, <class 'bytes'>: <function escape_bytes at 0x772499289440>, <class 'tuple'>: <function escape_sequence at 0x772499288fe0>, <class 'list'>: <function escape_sequence at 0x772499288fe0>, <class 'set'>: <function escape_sequence at 0x772499288fe0>, <class 'frozenset'>: <function escape_sequence at 0x772499288fe0>, <class 'dict'>: <function escape_dict at 0x772499288f40>, <class 'NoneType'>: <function escape_None at 0x772499289580>, <class 'datetime.date'>: <function escape_date at 0x772499289800>, <class 'datetime.datetime'>: <function escape_datetime at 0x772499289760>, <class 'datetime.timedelta'>: <function escape_timedelta at 0x772499289620>, <class 'datetime.time'>: <function escape_time at 0x7724992896c0>, <class 'time.struct_time'>: <function escape_struc...
      use_unicode = True
      client_flag = 3842573
      cursorclass = <class 'pymysql.cursors.Cursor'>
      init_command = None
      connect_timeout = 10
      read_default_group = None
      autocommit = False
      local_infile = False
      max_allowed_packet = 16777216
      defer_connect = False
      auth_plugin_map = None
      read_timeout = None
      write_timeout = None
      bind_address = None
      binary_prefix = False
      program_name = None
      server_public_key = ********
      ssl = None
      ssl_ca = None
      ssl_cert = None
      ssl_disabled = None
      ssl_key = ********
      ssl_key_password = ********
      ssl_verify_cert = None
      ssl_verify_identity = None
      compress = None
      named_pipe = None
      passwd = ********
      db = None
  File "env/lib/python3.12/site-packages/pymysql/connections.py", line 669, in connect
    self._request_authentication()
      self = <pymysql.connections.Connection object at 0x7724991deb70>
      sock = <socket.socket [closed] fd=-1, family=2, type=1, proto=6>
      kwargs = {}
  File "env/lib/python3.12/site-packages/pymysql/connections.py", line 957, in _request_authentication
    auth_packet = self._read_packet()
      self = <pymysql.connections.Connection object at 0x7724991deb70>
      charset_id = 45
      data_init = b'\r\xa2:\x00\xff\xff\xff\x00-\x00\x00\x00\x00\x00\x00\x00\x00\x00\x00\x00\x00\x00\x00\x00\x00\x00\x00\x00\x00\x00\x00\x00'
      data = b'\r\xa2:\x00\xff\xff\xff\x00-\x00\x00\x00\x00\x00\x00\x00\x00\x00\x00\x00\x00\x00\x00\x00\x00\x00\x00\x00\x00\x00\x00\x00_9a54aa6450761df8\x00\x14\x14V\xa3T!\xec\xdb\x11@\x19($\x87\\\x08\xf8\xf21\xd8\xb6_9a54aa6450761df8\x00mysql_native_password\x006\x0c_client_name\x07pymysql\x0f_client_version\x051.1.1\x04_pid\x0518467'
      authresp = b'\x14V\xa3T!\xec\xdb\x11@\x19($\x87\\\x08\xf8\xf21\xd8\xb6'
      plugin_name = b'mysql_native_password'
      connect_attrs = b'\x0c_client_name\x07pymysql\x0f_client_version\x051.1.1\x04_pid\x0518467'
      k = b'_pid'
      v = b'18467'
  File "env/lib/python3.12/site-packages/pymysql/connections.py", line 775, in _read_packet
    packet.raise_for_error()
      self = <pymysql.connections.Connection object at 0x7724991deb70>
      packet_type = <class 'pymysql.protocol.MysqlPacket'>
      buff = bytearray(b"\xff\x15\x04#28000Access denied for user \'_9a54aa6450761df8\'@\'localhost\' (using password: YES)")
      packet_header = b'U\x00\x00\x02'
      btrl = 85
      btrh = 0
      packet_number = 2
      bytes_to_read = 85
      recv_data = b"\xff\x15\x04#28000Access denied for user '_9a54aa6450761df8'@'localhost' (using password: YES)"
      packet = <pymysql.protocol.MysqlPacket object at 0x772497f974c0>
  File "env/lib/python3.12/site-packages/pymysql/protocol.py", line 219, in raise_for_error
    err.raise_mysql_exception(self._data)
      self = <pymysql.protocol.MysqlPacket object at 0x772497f974c0>
      errno = 1045
  File "env/lib/python3.12/site-packages/pymysql/err.py", line 150, in raise_mysql_exception
    raise errorclass(errno, errval)
      data = b"\xff\x15\x04#28000Access denied for user '_9a54aa6450761df8'@'localhost' (using password: YES)"
      errno = 1045
      errval = "Access denied for user '_9a54aa6450761df8'@'localhost' (using password: YES)"
      errorclass = <class 'pymysql.err.OperationalError'>
pymysql.err.OperationalError: (1045, "Access denied for user '_9a54aa6450761df8'@'localhost' (using password: YES)")
set -o pipefail; /usr/bin/mariadb-dump --user=_3459fc20e3de2b0c --host=127.0.0.1 --port=3306 --password=********** --single-transaction --quick --lock-tables=false _3459fc20e3de2b0c | /usr/bin/gzip >> ./alumnimgmt.localhost/private/backups/20250519_120002-alumnimgmt_localhost-database.sql.gz

Backup Summary for alumnimgmt.localhost at 2025-05-19 12:00:04.062179
Config  : /home/pearl/alumnimgmtsystem/sites/alumnimgmt.localhost/private/backups/20250519_120002-alumnimgmt_localhost-site_config_backup.json 173.0B
Database: /home/pearl/alumnimgmtsystem/sites/alumnimgmt.localhost/private/backups/20250519_120002-alumnimgmt_localhost-database.sql.gz 644.6KiB
Backup for Site alumnimgmt.localhost has been successfully completed
Backup failed for Site library.localhost. Database or site_config.json may be corrupted
Traceback with variables (most recent call last):
  File "apps/frappe/frappe/commands/site.py", line 865, in backup
    odb = scheduled_backup(
      context = CliCtxObj(sites=['alumnimgmt.localhost', 'library.localhost'], force=False, profile=False, verbose=True)
      with_files = False
      backup_path = None
      backup_path_db = None
      backup_path_files = None
      backup_path_private_files = None
      backup_path_conf = None
      ignore_backup_conf = False
      verbose = True
      compress = False
      include = ''
      exclude = ''
      old_backup_metadata = False
      scheduled_backup = <function scheduled_backup at 0x73546c207880>
      exit_code = 0
      rollback_callback = None
      site = 'library.localhost'
      odb = <frappe.utils.backups.BackupGenerator object at 0x73546c15aa80>
  File "apps/frappe/frappe/utils/backups.py", line 589, in scheduled_backup
    return new_backup(
      older_than = 6
      ignore_files = True
      backup_path = None
      backup_path_db = None
      backup_path_files = None
      backup_path_private_files = None
      backup_path_conf = None
      ignore_conf = False
      include_doctypes = ''
      exclude_doctypes = ''
      compress = False
      force = True
      verbose = True
      old_backup_metadata = False
      rollback_callback = <frappe.utils.CallbackManager object at 0x73546b58dab0>
  File "apps/frappe/frappe/utils/backups.py", line 626, in new_backup
    odb = BackupGenerator(
      older_than = 6
      ignore_files = True
      backup_path = None
      backup_path_db = None
      backup_path_files = None
      backup_path_private_files = None
      backup_path_conf = None
      ignore_conf = False
      include_doctypes = ''
      exclude_doctypes = ''
      compress = False
      force = True
      verbose = True
      old_backup_metadata = False
      rollback_callback = <frappe.utils.CallbackManager object at 0x73546b58dab0>
  File "apps/frappe/frappe/utils/backups.py", line 89, in __init__
    self.setup_backup_tables()
      self = <frappe.utils.backups.BackupGenerator object at 0x73546b58e7b0>
      db_name = '_9a54aa6450761df8'
      user = '_9a54aa6450761df8'
      password = ********
      backup_path = None
      backup_path_db = None
      backup_path_files = None
      backup_path_private_files = None
      db_socket = None
      db_host = '127.0.0.1'
      db_port = 3306
      db_type = 'mariadb'
      backup_path_conf = None
      ignore_conf = False
      compress_files = False
      include_doctypes = ''
      exclude_doctypes = ''
      verbose = True
      old_backup_metadata = False
      rollback_callback = <frappe.utils.CallbackManager object at 0x73546b58dab0>
      site = 'library.localhost'
  File "apps/frappe/frappe/utils/backups.py", line 126, in setup_backup_tables
    self._set_existing_tables()
      self = <frappe.utils.backups.BackupGenerator object at 0x73546b58e7b0>
  File "apps/frappe/frappe/utils/backups.py", line 122, in _set_existing_tables
    self._existing_tables = frappe.db.get_tables()
      self = <frappe.utils.backups.BackupGenerator object at 0x73546b58e7b0>
  File "apps/frappe/frappe/database/mariadb/database.py", line 485, in get_tables
    .run(pluck=True)
      self = <frappe.database.mariadb.database.MariaDBDatabase object at 0x73546c10d340>
      cached = True
      to_query = True
      tables = None
      information_schema = <pypika.queries.Schema object at 0x73546b58e8d0>
  File "apps/frappe/frappe/query_builder/utils.py", line 80, in execute_query
    result = frappe.db.sql(query, params, *args, **kwargs)  # nosemgrep
      query = 'SELECT `table_name` FROM `information_schema`.`tables` WHERE `table_schema`=%(param1)s'
      args = ()
      kwargs = {'pluck': True}
      child_queries = []
      params = {'param1': '_9a54aa6450761df8'}
  File "apps/frappe/frappe/database/database.py", line 237, in sql
    self.connect()
      self = <frappe.database.mariadb.database.MariaDBDatabase object at 0x73546c10d340>
      query = 'SELECT `table_name` FROM `information_schema`.`tables` WHERE `table_schema`=%(param1)s'
      values = {'param1': '_9a54aa6450761df8'}
      as_dict = 0
      as_list = 0
      debug = False
      ignore_ddl = 0
      auto_commit = 0
      update = None
      explain = False
      run = True
      pluck = True
      as_iterator = False
      query_type = 'select'
  File "apps/frappe/frappe/database/database.py", line 135, in connect
    self.get_connection()
      self = <frappe.database.mariadb.database.MariaDBDatabase object at 0x73546c10d340>
  File "apps/frappe/frappe/database/mariadb/database.py", line 105, in get_connection
    conn = self._get_connection()
      self = <frappe.database.mariadb.database.MariaDBDatabase object at 0x73546c10d340>
  File "apps/frappe/frappe/database/mariadb/database.py", line 111, in _get_connection
    return self.create_connection()
      self = <frappe.database.mariadb.database.MariaDBDatabase object at 0x73546c10d340>
  File "apps/frappe/frappe/database/mariadb/database.py", line 114, in create_connection
    return pymysql.connect(**self.get_connection_settings())
      self = <frappe.database.mariadb.database.MariaDBDatabase object at 0x73546c10d340>
  File "env/lib/python3.12/site-packages/pymysql/connections.py", line 361, in __init__
    self.connect()
      self = <pymysql.connections.Connection object at 0x73546c7e3da0>
      user = '_9a54aa6450761df8'
      password = ********
      host = '127.0.0.1'
      database = '_9a54aa6450761df8'
      unix_socket = None
      port = 3306
      charset = 'utf8mb4'
      collation = 'utf8mb4_unicode_ci'
      sql_mode = None
      read_default_file = None
      conv = {<class 'bool'>: <function escape_bool at 0x73546c0cd120>, <class 'int'>: <function escape_int at 0x73546c0cd1c0>, <class 'float'>: <function escape_float at 0x73546c0cd260>, <class 'str'>: <function escape_str at 0x73546c0cd4e0>, <class 'bytes'>: <function escape_bytes at 0x73546c0cd440>, <class 'tuple'>: <function escape_sequence at 0x73546c0ccfe0>, <class 'list'>: <function escape_sequence at 0x73546c0ccfe0>, <class 'set'>: <function escape_sequence at 0x73546c0ccfe0>, <class 'frozenset'>: <function escape_sequence at 0x73546c0ccfe0>, <class 'dict'>: <function escape_dict at 0x73546c0ccf40>, <class 'NoneType'>: <function escape_None at 0x73546c0cd580>, <class 'datetime.date'>: <function escape_date at 0x73546c0cd800>, <class 'datetime.datetime'>: <function escape_datetime at 0x73546c0cd760>, <class 'datetime.timedelta'>: <function escape_timedelta at 0x73546c0cd620>, <class 'datetime.time'>: <function escape_time at 0x73546c0cd6c0>, <class 'time.struct_time'>: <function escape_struc...
      use_unicode = True
      client_flag = 3842573
      cursorclass = <class 'pymysql.cursors.Cursor'>
      init_command = None
      connect_timeout = 10
      read_default_group = None
      autocommit = False
      local_infile = False
      max_allowed_packet = 16777216
      defer_connect = False
      auth_plugin_map = None
      read_timeout = None
      write_timeout = None
      bind_address = None
      binary_prefix = False
      program_name = None
      server_public_key = ********
      ssl = None
      ssl_ca = None
      ssl_cert = None
      ssl_disabled = None
      ssl_key = ********
      ssl_key_password = ********
      ssl_verify_cert = None
      ssl_verify_identity = None
      compress = None
      named_pipe = None
      passwd = ********
      db = None
  File "env/lib/python3.12/site-packages/pymysql/connections.py", line 669, in connect
    self._request_authentication()
      self = <pymysql.connections.Connection object at 0x73546c7e3da0>
      sock = <socket.socket [closed] fd=-1, family=2, type=1, proto=6>
      kwargs = {}
  File "env/lib/python3.12/site-packages/pymysql/connections.py", line 957, in _request_authentication
    auth_packet = self._read_packet()
      self = <pymysql.connections.Connection object at 0x73546c7e3da0>
      charset_id = 45
      data_init = b'\r\xa2:\x00\xff\xff\xff\x00-\x00\x00\x00\x00\x00\x00\x00\x00\x00\x00\x00\x00\x00\x00\x00\x00\x00\x00\x00\x00\x00\x00\x00'
      data = b'\r\xa2:\x00\xff\xff\xff\x00-\x00\x00\x00\x00\x00\x00\x00\x00\x00\x00\x00\x00\x00\x00\x00\x00\x00\x00\x00\x00\x00\x00\x00_9a54aa6450761df8\x00\x14\xbf\xf4\x16/\xaf\xe6\xcc{\x0c\xa9\xca\xc0`5\xeb\x8b\xe0\xf2\xb6\xd3_9a54aa6450761df8\x00mysql_native_password\x006\x0c_client_name\x07pymysql\x0f_client_version\x051.1.1\x04_pid\x0511738'
      authresp = b'\xbf\xf4\x16/\xaf\xe6\xcc{\x0c\xa9\xca\xc0`5\xeb\x8b\xe0\xf2\xb6\xd3'
      plugin_name = b'mysql_native_password'
      connect_attrs = b'\x0c_client_name\x07pymysql\x0f_client_version\x051.1.1\x04_pid\x0511738'
      k = b'_pid'
      v = b'11738'
  File "env/lib/python3.12/site-packages/pymysql/connections.py", line 775, in _read_packet
    packet.raise_for_error()
      self = <pymysql.connections.Connection object at 0x73546c7e3da0>
      packet_type = <class 'pymysql.protocol.MysqlPacket'>
      buff = bytearray(b"\xff\x15\x04#28000Access denied for user \'_9a54aa6450761df8\'@\'localhost\' (using password: YES)")
      packet_header = b'U\x00\x00\x02'
      btrl = 85
      btrh = 0
      packet_number = 2
      bytes_to_read = 85
      recv_data = b"\xff\x15\x04#28000Access denied for user '_9a54aa6450761df8'@'localhost' (using password: YES)"
      packet = <pymysql.protocol.MysqlPacket object at 0x73546b58ead0>
  File "env/lib/python3.12/site-packages/pymysql/protocol.py", line 219, in raise_for_error
    err.raise_mysql_exception(self._data)
      self = <pymysql.protocol.MysqlPacket object at 0x73546b58ead0>
      errno = 1045
  File "env/lib/python3.12/site-packages/pymysql/err.py", line 150, in raise_mysql_exception
    raise errorclass(errno, errval)
      data = b"\xff\x15\x04#28000Access denied for user '_9a54aa6450761df8'@'localhost' (using password: YES)"
      errno = 1045
      errval = "Access denied for user '_9a54aa6450761df8'@'localhost' (using password: YES)"
      errorclass = <class 'pymysql.err.OperationalError'>
pymysql.err.OperationalError: (1045, "Access denied for user '_9a54aa6450761df8'@'localhost' (using password: YES)")
set -o pipefail; /usr/bin/mariadb-dump --user=_3459fc20e3de2b0c --host=127.0.0.1 --port=3306 --password=********** --single-transaction --quick --lock-tables=false _3459fc20e3de2b0c | /usr/bin/gzip >> ./alumnimgmt.localhost/private/backups/20250520_120002-alumnimgmt_localhost-database.sql.gz

Backup Summary for alumnimgmt.localhost at 2025-05-20 12:00:03.194748
Config  : /home/pearl/alumnimgmtsystem/sites/alumnimgmt.localhost/private/backups/20250520_120002-alumnimgmt_localhost-site_config_backup.json 173.0B
Database: /home/pearl/alumnimgmtsystem/sites/alumnimgmt.localhost/private/backups/20250520_120002-alumnimgmt_localhost-database.sql.gz 645.0KiB
Backup for Site alumnimgmt.localhost has been successfully completed
Backup failed for Site library.localhost. Database or site_config.json may be corrupted
Traceback with variables (most recent call last):
  File "apps/frappe/frappe/commands/site.py", line 865, in backup
    odb = scheduled_backup(
      context = CliCtxObj(sites=['alumnimgmt.localhost', 'library.localhost'], force=False, profile=False, verbose=True)
      with_files = False
      backup_path = None
      backup_path_db = None
      backup_path_files = None
      backup_path_private_files = None
      backup_path_conf = None
      ignore_backup_conf = False
      verbose = True
      compress = False
      include = ''
      exclude = ''
      old_backup_metadata = False
      scheduled_backup = <function scheduled_backup at 0x77b139d37880>
      exit_code = 0
      rollback_callback = None
      site = 'library.localhost'
      odb = <frappe.utils.backups.BackupGenerator object at 0x77b13916fda0>
  File "apps/frappe/frappe/utils/backups.py", line 589, in scheduled_backup
    return new_backup(
      older_than = 6
      ignore_files = True
      backup_path = None
      backup_path_db = None
      backup_path_files = None
      backup_path_private_files = None
      backup_path_conf = None
      ignore_conf = False
      include_doctypes = ''
      exclude_doctypes = ''
      compress = False
      force = True
      verbose = True
      old_backup_metadata = False
      rollback_callback = <frappe.utils.CallbackManager object at 0x77b138f37fd0>
  File "apps/frappe/frappe/utils/backups.py", line 626, in new_backup
    odb = BackupGenerator(
      older_than = 6
      ignore_files = True
      backup_path = None
      backup_path_db = None
      backup_path_files = None
      backup_path_private_files = None
      backup_path_conf = None
      ignore_conf = False
      include_doctypes = ''
      exclude_doctypes = ''
      compress = False
      force = True
      verbose = True
      old_backup_metadata = False
      rollback_callback = <frappe.utils.CallbackManager object at 0x77b138f37fd0>
  File "apps/frappe/frappe/utils/backups.py", line 89, in __init__
    self.setup_backup_tables()
      self = <frappe.utils.backups.BackupGenerator object at 0x77b138f37bc0>
      db_name = '_9a54aa6450761df8'
      user = '_9a54aa6450761df8'
      password = ********
      backup_path = None
      backup_path_db = None
      backup_path_files = None
      backup_path_private_files = None
      db_socket = None
      db_host = '127.0.0.1'
      db_port = 3306
      db_type = 'mariadb'
      backup_path_conf = None
      ignore_conf = False
      compress_files = False
      include_doctypes = ''
      exclude_doctypes = ''
      verbose = True
      old_backup_metadata = False
      rollback_callback = <frappe.utils.CallbackManager object at 0x77b138f37fd0>
      site = 'library.localhost'
  File "apps/frappe/frappe/utils/backups.py", line 126, in setup_backup_tables
    self._set_existing_tables()
      self = <frappe.utils.backups.BackupGenerator object at 0x77b138f37bc0>
  File "apps/frappe/frappe/utils/backups.py", line 122, in _set_existing_tables
    self._existing_tables = frappe.db.get_tables()
      self = <frappe.utils.backups.BackupGenerator object at 0x77b138f37bc0>
  File "apps/frappe/frappe/database/mariadb/database.py", line 485, in get_tables
    .run(pluck=True)
      self = <frappe.database.mariadb.database.MariaDBDatabase object at 0x77b13aa8a780>
      cached = True
      to_query = True
      tables = None
      information_schema = <pypika.queries.Schema object at 0x77b13ac39460>
  File "apps/frappe/frappe/query_builder/utils.py", line 80, in execute_query
    result = frappe.db.sql(query, params, *args, **kwargs)  # nosemgrep
      query = 'SELECT `table_name` FROM `information_schema`.`tables` WHERE `table_schema`=%(param1)s'
      args = ()
      kwargs = {'pluck': True}
      child_queries = []
      params = {'param1': '_9a54aa6450761df8'}
  File "apps/frappe/frappe/database/database.py", line 237, in sql
    self.connect()
      self = <frappe.database.mariadb.database.MariaDBDatabase object at 0x77b13aa8a780>
      query = 'SELECT `table_name` FROM `information_schema`.`tables` WHERE `table_schema`=%(param1)s'
      values = {'param1': '_9a54aa6450761df8'}
      as_dict = 0
      as_list = 0
      debug = False
      ignore_ddl = 0
      auto_commit = 0
      update = None
      explain = False
      run = True
      pluck = True
      as_iterator = False
      query_type = 'select'
  File "apps/frappe/frappe/database/database.py", line 135, in connect
    self.get_connection()
      self = <frappe.database.mariadb.database.MariaDBDatabase object at 0x77b13aa8a780>
  File "apps/frappe/frappe/database/mariadb/database.py", line 105, in get_connection
    conn = self._get_connection()
      self = <frappe.database.mariadb.database.MariaDBDatabase object at 0x77b13aa8a780>
  File "apps/frappe/frappe/database/mariadb/database.py", line 111, in _get_connection
    return self.create_connection()
      self = <frappe.database.mariadb.database.MariaDBDatabase object at 0x77b13aa8a780>
  File "apps/frappe/frappe/database/mariadb/database.py", line 114, in create_connection
    return pymysql.connect(**self.get_connection_settings())
      self = <frappe.database.mariadb.database.MariaDBDatabase object at 0x77b13aa8a780>
  File "env/lib/python3.12/site-packages/pymysql/connections.py", line 361, in __init__
    self.connect()
      self = <pymysql.connections.Connection object at 0x77b138e39b80>
      user = '_9a54aa6450761df8'
      password = ********
      host = '127.0.0.1'
      database = '_9a54aa6450761df8'
      unix_socket = None
      port = 3306
      charset = 'utf8mb4'
      collation = 'utf8mb4_unicode_ci'
      sql_mode = None
      read_default_file = None
      conv = {<class 'bool'>: <function escape_bool at 0x77b139179120>, <class 'int'>: <function escape_int at 0x77b1391791c0>, <class 'float'>: <function escape_float at 0x77b139179260>, <class 'str'>: <function escape_str at 0x77b1391794e0>, <class 'bytes'>: <function escape_bytes at 0x77b139179440>, <class 'tuple'>: <function escape_sequence at 0x77b139178fe0>, <class 'list'>: <function escape_sequence at 0x77b139178fe0>, <class 'set'>: <function escape_sequence at 0x77b139178fe0>, <class 'frozenset'>: <function escape_sequence at 0x77b139178fe0>, <class 'dict'>: <function escape_dict at 0x77b139178f40>, <class 'NoneType'>: <function escape_None at 0x77b139179580>, <class 'datetime.date'>: <function escape_date at 0x77b139179800>, <class 'datetime.datetime'>: <function escape_datetime at 0x77b139179760>, <class 'datetime.timedelta'>: <function escape_timedelta at 0x77b139179620>, <class 'datetime.time'>: <function escape_time at 0x77b1391796c0>, <class 'time.struct_time'>: <function escape_struc...
      use_unicode = True
      client_flag = 3842573
      cursorclass = <class 'pymysql.cursors.Cursor'>
      init_command = None
      connect_timeout = 10
      read_default_group = None
      autocommit = False
      local_infile = False
      max_allowed_packet = 16777216
      defer_connect = False
      auth_plugin_map = None
      read_timeout = None
      write_timeout = None
      bind_address = None
      binary_prefix = False
      program_name = None
      server_public_key = ********
      ssl = None
      ssl_ca = None
      ssl_cert = None
      ssl_disabled = None
      ssl_key = ********
      ssl_key_password = ********
      ssl_verify_cert = None
      ssl_verify_identity = None
      compress = None
      named_pipe = None
      passwd = ********
      db = None
  File "env/lib/python3.12/site-packages/pymysql/connections.py", line 669, in connect
    self._request_authentication()
      self = <pymysql.connections.Connection object at 0x77b138e39b80>
      sock = <socket.socket [closed] fd=-1, family=2, type=1, proto=6>
      kwargs = {}
  File "env/lib/python3.12/site-packages/pymysql/connections.py", line 957, in _request_authentication
    auth_packet = self._read_packet()
      self = <pymysql.connections.Connection object at 0x77b138e39b80>
      charset_id = 45
      data_init = b'\r\xa2:\x00\xff\xff\xff\x00-\x00\x00\x00\x00\x00\x00\x00\x00\x00\x00\x00\x00\x00\x00\x00\x00\x00\x00\x00\x00\x00\x00\x00'
      data = b'\r\xa2:\x00\xff\xff\xff\x00-\x00\x00\x00\x00\x00\x00\x00\x00\x00\x00\x00\x00\x00\x00\x00\x00\x00\x00\x00\x00\x00\x00\x00_9a54aa6450761df8\x00\x14\xc0Em"gH\xe2\x1d;<\x1d\x92\xfc5]\xfe\xa0Cde_9a54aa6450761df8\x00mysql_native_password\x005\x0c_client_name\x07pymysql\x0f_client_version\x051.1.1\x04_pid\x047418'
      authresp = b'\xc0Em"gH\xe2\x1d;<\x1d\x92\xfc5]\xfe\xa0Cde'
      plugin_name = b'mysql_native_password'
      connect_attrs = b'\x0c_client_name\x07pymysql\x0f_client_version\x051.1.1\x04_pid\x047418'
      k = b'_pid'
      v = b'7418'
  File "env/lib/python3.12/site-packages/pymysql/connections.py", line 775, in _read_packet
    packet.raise_for_error()
      self = <pymysql.connections.Connection object at 0x77b138e39b80>
      packet_type = <class 'pymysql.protocol.MysqlPacket'>
      buff = bytearray(b"\xff\x15\x04#28000Access denied for user \'_9a54aa6450761df8\'@\'localhost\' (using password: YES)")
      packet_header = b'U\x00\x00\x02'
      btrl = 85
      btrh = 0
      packet_number = 2
      bytes_to_read = 85
      recv_data = b"\xff\x15\x04#28000Access denied for user '_9a54aa6450761df8'@'localhost' (using password: YES)"
      packet = <pymysql.protocol.MysqlPacket object at 0x77b138ba6650>
  File "env/lib/python3.12/site-packages/pymysql/protocol.py", line 219, in raise_for_error
    err.raise_mysql_exception(self._data)
      self = <pymysql.protocol.MysqlPacket object at 0x77b138ba6650>
      errno = 1045
  File "env/lib/python3.12/site-packages/pymysql/err.py", line 150, in raise_mysql_exception
    raise errorclass(errno, errval)
      data = b"\xff\x15\x04#28000Access denied for user '_9a54aa6450761df8'@'localhost' (using password: YES)"
      errno = 1045
      errval = "Access denied for user '_9a54aa6450761df8'@'localhost' (using password: YES)"
      errorclass = <class 'pymysql.err.OperationalError'>
pymysql.err.OperationalError: (1045, "Access denied for user '_9a54aa6450761df8'@'localhost' (using password: YES)")
